diagnosis_id,icd10_code,diagnosis_desc,diagnosis_category,severity,updated_at
D000001,K92.1,Melena,Gastrointestinal,Critical,2026-06-06
D000002,G35,Multiple sclerosis,Neurological,High,2026-06-06
D000003,M79.3,Panniculitis,Musculoskeletal,Low,2026-06-06
D000004,K57.30,Diverticulosis of large intestine,Gastrointestinal,High,2026-06-06
D000005,J18.9,Pneumonia unspecified,Respiratory,Critical,2026-06-06
D000006,G35,Multiple sclerosis,Neurological,High,2026-06-06
D000007,I21.0,ST elevation myocardial infarction,Cardiovascular,Critical,2026-06-06
D000008,N18.3,Chronic kidney disease stage 3,Renal,Medium,2026-06-06
D000009,I50.9,Heart failure unspecified,Cardiovascular,Critical,2026-06-06
D000010,J96.00,Acute respiratory failure unspecified,Respiratory,Critical,2026-06-06
D000011,J44.1,COPD with acute exacerbation,Respiratory,Medium,2026-06-06
D000012,I50.9,Heart failure unspecified,Cardiovascular,Low,2026-06-06
D000013,E11.9,Type 2 diabetes without complications,Endocrine,Low,2026-06-06
D000014,S72.001,Fracture of femoral head,Musculoskeletal,High,2026-06-06
D000015,B97.29,Other coronavirus as cause of disease,Infectious,Medium,2026-06-06
D000016,B97.29,Other coronavirus as cause of disease,Infectious,Medium,2026-06-06
D000017,B97.29,Other coronavirus as cause of disease,Infectious,Critical,2026-06-06
D000018,I50.9,Heart failure unspecified,Cardiovascular,Medium,2026-06-06
D000019,F32.9,Major depressive disorder single episode,Mental Health,Medium,2026-06-06
D000020,F41.1,Generalized anxiety disorder,Mental Health,High,2026-06-06
D000021,M79.3,Panniculitis,Musculoskeletal,Critical,2026-06-06
D000022,K92.1,Melena,Gastrointestinal,Medium,2026-06-06
D000023,S72.001,Fracture of femoral head,Musculoskeletal,High,2026-06-06
D000024,F41.1,Generalized anxiety disorder,Mental Health,High,2026-06-06
D000025,N18.3,Chronic kidney disease stage 3,Renal,Critical,2026-06-06
D000026,E11.9,Type 2 diabetes without complications,Endocrine,Medium,2026-06-06
D000027,N18.3,Chronic kidney disease stage 3,Renal,High,2026-06-06
D000028,E11.65,Type 2 diabetes with hyperglycemia,Endocrine,High,2026-06-06
D000029,N39.0,Urinary tract infection,Renal,Medium,2026-06-06
D000030,M79.3,Panniculitis,Musculoskeletal,High,2026-06-06
D000031,M79.3,Panniculitis,Musculoskeletal,High,2026-06-06
D000032,F41.1,Generalized anxiety disorder,Mental Health,High,2026-06-06
D000033,N39.0,Urinary tract infection,Renal,Low,2026-06-06
D000034,G35,Multiple sclerosis,Neurological,Critical,2026-06-06
D000035,A41.9,Sepsis unspecified,Infectious,High,2026-06-06
D000036,J44.1,COPD with acute exacerbation,Respiratory,High,2026-06-06
D000037,I50.9,Heart failure unspecified,Cardiovascular,High,2026-06-06
D000038,I10,Essential hypertension,Cardiovascular,High,2026-06-06
D000039,S72.001,Fracture of femoral head,Musculoskeletal,High,2026-06-06
D000040,M79.3,Panniculitis,Musculoskeletal,Medium,2026-06-06
D000041,E11.9,Type 2 diabetes without complications,Endocrine,High,2026-06-06
D000042,F41.1,Generalized anxiety disorder,Mental Health,High,2026-06-06
D000043,J44.1,COPD with acute exacerbation,Respiratory,Low,2026-06-06
D000044,G43.909,Migraine unspecified,Neurological,Medium,2026-06-06
D000045,E11.65,Type 2 diabetes with hyperglycemia,Endocrine,Low,2026-06-06
D000046,F32.9,Major depressive disorder single episode,Mental Health,Medium,2026-06-06
D000047,E11.65,Type 2 diabetes with hyperglycemia,Endocrine,Low,2026-06-06
D000048,J18.9,Pneumonia unspecified,Respiratory,Critical,2026-06-06
D000049,K92.1,Melena,Gastrointestinal,Critical,2026-06-06
D000050,J18.9,Pneumonia unspecified,Respiratory,Medium,2026-06-06
D000051,I21.0,ST elevation myocardial infarction,Cardiovascular,Medium,2026-06-06
D000052,B97.29,Other coronavirus as cause of disease,Infectious,Critical,2026-06-06
D000053,M79.3,Panniculitis,Musculoskeletal,Medium,2026-06-06
D000054,N39.0,Urinary tract infection,Renal,High,2026-06-06
D000055,N39.0,Urinary tract infection,Renal,Low,2026-06-06
D000056,I10,Essential hypertension,Cardiovascular,Medium,2026-06-06
D000057,F41.1,Generalized anxiety disorder,Mental Health,Low,2026-06-06
D000058,J96.00,Acute respiratory failure unspecified,Respiratory,Critical,2026-06-06
D000059,J96.00,Acute respiratory failure unspecified,Respiratory,Low,2026-06-06
D000060,A41.9,Sepsis unspecified,Infectious,Critical,2026-06-06
D000061,J96.00,Acute respiratory failure unspecified,Respiratory,High,2026-06-06
D000062,I50.9,Heart failure unspecified,Cardiovascular,Low,2026-06-06
D000063,N39.0,Urinary tract infection,Renal,Low,2026-06-06
D000064,K92.1,Melena,Gastrointestinal,High,2026-06-06
D000065,S72.001,Fracture of femoral head,Musculoskeletal,Critical,2026-06-06
D000066,J44.1,COPD with acute exacerbation,Respiratory,Critical,2026-06-06
D000067,N18.3,Chronic kidney disease stage 3,Renal,Medium,2026-06-06
D000068,J18.9,Pneumonia unspecified,Respiratory,High,2026-06-06
D000069,J96.00,Acute respiratory failure unspecified,Respiratory,Critical,2026-06-06
D000070,N18.3,Chronic kidney disease stage 3,Renal,Medium,2026-06-06
D000071,I21.0,ST elevation myocardial infarction,Cardiovascular,High,2026-06-06
D000072,N39.0,Urinary tract infection,Renal,Medium,2026-06-06
D000073,J96.00,Acute respiratory failure unspecified,Respiratory,Critical,2026-06-06
D000074,B97.29,Other coronavirus as cause of disease,Infectious,High,2026-06-06
D000075,I10,Essential hypertension,Cardiovascular,Critical,2026-06-06
D000076,J18.9,Pneumonia unspecified,Respiratory,Medium,2026-06-06
D000077,J44.1,COPD with acute exacerbation,Respiratory,Critical,2026-06-06
D000078,K92.1,Melena,Gastrointestinal,Medium,2026-06-06
D000079,I21.0,ST elevation myocardial infarction,Cardiovascular,High,2026-06-06
D000080,A41.9,Sepsis unspecified,Infectious,Medium,2026-06-06
D000081,S72.001,Fracture of femoral head,Musculoskeletal,High,2026-06-06
D000082,K92.1,Melena,Gastrointestinal,High,2026-06-06
D000083,G35,Multiple sclerosis,Neurological,Low,2026-06-06
D000084,N18.3,Chronic kidney disease stage 3,Renal,High,2026-06-06
D000085,E11.65,Type 2 diabetes with hyperglycemia,Endocrine,Low,2026-06-06
D000086,J18.9,Pneumonia unspecified,Respiratory,Critical,2026-06-06
D000087,N39.0,Urinary tract infection,Renal,Medium,2026-06-06
D000088,A41.9,Sepsis unspecified,Infectious,High,2026-06-06
D000089,J18.9,Pneumonia unspecified,Respiratory,High,2026-06-06
D000090,K57.30,Diverticulosis of large intestine,Gastrointestinal,Medium,2026-06-06
D000091,E11.65,Type 2 diabetes with hyperglycemia,Endocrine,Medium,2026-06-06
D000092,M79.3,Panniculitis,Musculoskeletal,Medium,2026-06-06
D000093,S72.001,Fracture of femoral head,Musculoskeletal,High,2026-06-06
D000094,B97.29,Other coronavirus as cause of disease,Infectious,Critical,2026-06-06
D000095,F41.1,Generalized anxiety disorder,Mental Health,Medium,2026-06-06
D000096,E11.65,Type 2 diabetes with hyperglycemia,Endocrine,Low,2026-06-06
D000097,F32.9,Major depressive disorder single episode,Mental Health,Critical,2026-06-06
D000098,F32.9,Major depressive disorder single episode,Mental Health,High,2026-06-06
D000099,I10,Essential hypertension,Cardiovascular,Low,2026-06-06
D000100,I50.9,Heart failure unspecified,Cardiovascular,Medium,2026-06-06
D000101,G35,Multiple sclerosis,Neurological,Medium,2026-06-06
D000102,J96.00,Acute respiratory failure unspecified,Respiratory,High,2026-06-06
D000103,F32.9,Major depressive disorder single episode,Mental Health,Critical,2026-06-06
D000104,J18.9,Pneumonia unspecified,Respiratory,Medium,2026-06-06
D000105,G35,Multiple sclerosis,Neurological,Critical,2026-06-06
D000106,I10,Essential hypertension,Cardiovascular,Critical,2026-06-06
D000107,I50.9,Heart failure unspecified,Cardiovascular,Critical,2026-06-06
D000108,J44.1,COPD with acute exacerbation,Respiratory,Critical,2026-06-06
D000109,S72.001,Fracture of femoral head,Musculoskeletal,Low,2026-06-06
D000110,F41.1,Generalized anxiety disorder,Mental Health,Critical,2026-06-06
D000111,N39.0,Urinary tract infection,Renal,Low,2026-06-06
D000112,A41.9,Sepsis unspecified,Infectious,High,2026-06-06
D000113,I21.0,ST elevation myocardial infarction,Cardiovascular,Medium,2026-06-06
D000114,G35,Multiple sclerosis,Neurological,Low,2026-06-06
D000115,I50.9,Heart failure unspecified,Cardiovascular,Critical,2026-06-06
D000116,K57.30,Diverticulosis of large intestine,Gastrointestinal,Low,2026-06-06
D000117,F41.1,Generalized anxiety disorder,Mental Health,Low,2026-06-06
D000118,I10,Essential hypertension,Cardiovascular,Critical,2026-06-06
D000119,I50.9,Heart failure unspecified,Cardiovascular,High,2026-06-06
D000120,B97.29,Other coronavirus as cause of disease,Infectious,Medium,2026-06-06
D000121,J44.1,COPD with acute exacerbation,Respiratory,Critical,2026-06-06
D000122,K57.30,Diverticulosis of large intestine,Gastrointestinal,Critical,2026-06-06
D000123,S72.001,Fracture of femoral head,Musculoskeletal,Critical,2026-06-06
D000124,A41.9,Sepsis unspecified,Infectious,Low,2026-06-06
D000125,F41.1,Generalized anxiety disorder,Mental Health,Medium,2026-06-06
D000126,K57.30,Diverticulosis of large intestine,Gastrointestinal,Low,2026-06-06
D000127,J96.00,Acute respiratory failure unspecified,Respiratory,Critical,2026-06-06
D000128,F32.9,Major depressive disorder single episode,Mental Health,Medium,2026-06-06
D000129,E11.65,Type 2 diabetes with hyperglycemia,Endocrine,Low,2026-06-06
D000130,I21.0,ST elevation myocardial infarction,Cardiovascular,High,2026-06-06
D000131,S72.001,Fracture of femoral head,Musculoskeletal,Critical,2026-06-06
D000132,F41.1,Generalized anxiety disorder,Mental Health,Critical,2026-06-06
D000133,E11.65,Type 2 diabetes with hyperglycemia,Endocrine,Medium,2026-06-06
D000134,S72.001,Fracture of femoral head,Musculoskeletal,High,2026-06-06
D000135,J44.1,COPD with acute exacerbation,Respiratory,High,2026-06-06
D000136,E11.9,Type 2 diabetes without complications,Endocrine,Low,2026-06-06
D000137,I50.9,Heart failure unspecified,Cardiovascular,Critical,2026-06-06
D000138,G43.909,Migraine unspecified,Neurological,Low,2026-06-06
D000139,E11.65,Type 2 diabetes with hyperglycemia,Endocrine,Medium,2026-06-06
D000140,I10,Essential hypertension,Cardiovascular,Low,2026-06-06
D000141,G43.909,Migraine unspecified,Neurological,Low,2026-06-06
D000142,S72.001,Fracture of femoral head,Musculoskeletal,Low,2026-06-06
D000143,E11.65,Type 2 diabetes with hyperglycemia,Endocrine,Low,2026-06-06
D000144,A41.9,Sepsis unspecified,Infectious,Critical,2026-06-06
D000145,E11.65,Type 2 diabetes with hyperglycemia,Endocrine,Medium,2026-06-06
D000146,I50.9,Heart failure unspecified,Cardiovascular,Medium,2026-06-06
D000147,F32.9,Major depressive disorder single episode,Mental Health,High,2026-06-06
D000148,E11.65,Type 2 diabetes with hyperglycemia,Endocrine,High,2026-06-06
D000149,G35,Multiple sclerosis,Neurological,High,2026-06-06
D000150,E11.65,Type 2 diabetes with hyperglycemia,Endocrine,High,2026-06-06
D000151,J44.1,COPD with acute exacerbation,Respiratory,Medium,2026-06-06
D000152,B97.29,Other coronavirus as cause of disease,Infectious,High,2026-06-06
D000153,N18.3,Chronic kidney disease stage 3,Renal,Low,2026-06-06
D000154,F41.1,Generalized anxiety disorder,Mental Health,Medium,2026-06-06
D000155,B97.29,Other coronavirus as cause of disease,Infectious,Critical,2026-06-06
D000156,I50.9,Heart failure unspecified,Cardiovascular,High,2026-06-06
D000157,A41.9,Sepsis unspecified,Infectious,High,2026-06-06
D000158,B97.29,Other coronavirus as cause of disease,Infectious,Critical,2026-06-06
D000159,J44.1,COPD with acute exacerbation,Respiratory,High,2026-06-06
D000160,A41.9,Sepsis unspecified,Infectious,Medium,2026-06-06
D000161,F41.1,Generalized anxiety disorder,Mental Health,Critical,2026-06-06
D000162,E11.65,Type 2 diabetes with hyperglycemia,Endocrine,Medium,2026-06-06
D000163,N39.0,Urinary tract infection,Renal,Medium,2026-06-06
D000164,S72.001,Fracture of femoral head,Musculoskeletal,Low,2026-06-06
D000165,F41.1,Generalized anxiety disorder,Mental Health,Critical,2026-06-06
D000166,B97.29,Other coronavirus as cause of disease,Infectious,Medium,2026-06-06
D000167,A41.9,Sepsis unspecified,Infectious,Medium,2026-06-06
D000168,N18.3,Chronic kidney disease stage 3,Renal,Medium,2026-06-06
D000169,K92.1,Melena,Gastrointestinal,Low,2026-06-06
D000170,S72.001,Fracture of femoral head,Musculoskeletal,High,2026-06-06
D000171,I10,Essential hypertension,Cardiovascular,Medium,2026-06-06
D000172,I50.9,Heart failure unspecified,Cardiovascular,High,2026-06-06
D000173,A41.9,Sepsis unspecified,Infectious,Low,2026-06-06
D000174,I10,Essential hypertension,Cardiovascular,Medium,2026-06-06
D000175,G35,Multiple sclerosis,Neurological,Medium,2026-06-06
D000176,M79.3,Panniculitis,Musculoskeletal,Medium,2026-06-06
D000177,K92.1,Melena,Gastrointestinal,High,2026-06-06
D000178,I21.0,ST elevation myocardial infarction,Cardiovascular,Medium,2026-06-06
D000179,E11.9,Type 2 diabetes without complications,Endocrine,Low,2026-06-06
D000180,M79.3,Panniculitis,Musculoskeletal,Medium,2026-06-06
D000181,G43.909,Migraine unspecified,Neurological,Medium,2026-06-06
D000182,A41.9,Sepsis unspecified,Infectious,Medium,2026-06-06
D000183,F41.1,Generalized anxiety disorder,Mental Health,High,2026-06-06
D000184,N39.0,Urinary tract infection,Renal,Critical,2026-06-06
D000185,S72.001,Fracture of femoral head,Musculoskeletal,High,2026-06-06
D000186,N39.0,Urinary tract infection,Renal,High,2026-06-06
D000187,K57.30,Diverticulosis of large intestine,Gastrointestinal,Critical,2026-06-06
D000188,S72.001,Fracture of femoral head,Musculoskeletal,Low,2026-06-06
D000189,M79.3,Panniculitis,Musculoskeletal,High,2026-06-06
D000190,E11.9,Type 2 diabetes without complications,Endocrine,High,2026-06-06
D000191,K92.1,Melena,Gastrointestinal,Critical,2026-06-06
D000192,I50.9,Heart failure unspecified,Cardiovascular,Medium,2026-06-06
D000193,J44.1,COPD with acute exacerbation,Respiratory,Low,2026-06-06
D000194,N18.3,Chronic kidney disease stage 3,Renal,Critical,2026-06-06
D000195,N39.0,Urinary tract infection,Renal,Medium,2026-06-06
D000196,E11.9,Type 2 diabetes without complications,Endocrine,High,2026-06-06
D000197,E11.65,Type 2 diabetes with hyperglycemia,Endocrine,Critical,2026-06-06
D000198,G35,Multiple sclerosis,Neurological,Medium,2026-06-06
D000199,M79.3,Panniculitis,Musculoskeletal,High,2026-06-06
D000200,N18.3,Chronic kidney disease stage 3,Renal,Critical,2026-06-06
D000201,M79.3,Panniculitis,Musculoskeletal,Critical,2026-06-06
D000202,J96.00,Acute respiratory failure unspecified,Respiratory,High,2026-06-06
D000203,J96.00,Acute respiratory failure unspecified,Respiratory,Medium,2026-06-06
D000204,F41.1,Generalized anxiety disorder,Mental Health,Critical,2026-06-06
D000205,J96.00,Acute respiratory failure unspecified,Respiratory,Low,2026-06-06
D000206,F32.9,Major depressive disorder single episode,Mental Health,Low,2026-06-06
D000207,I10,Essential hypertension,Cardiovascular,Low,2026-06-06
D000208,I21.0,ST elevation myocardial infarction,Cardiovascular,Critical,2026-06-06
D000209,J44.1,COPD with acute exacerbation,Respiratory,Medium,2026-06-06
D000210,I10,Essential hypertension,Cardiovascular,Medium,2026-06-06
D000211,I21.0,ST elevation myocardial infarction,Cardiovascular,Medium,2026-06-06
D000212,F32.9,Major depressive disorder single episode,Mental Health,Critical,2026-06-06
D000213,K57.30,Diverticulosis of large intestine,Gastrointestinal,Low,2026-06-06
D000214,G43.909,Migraine unspecified,Neurological,Critical,2026-06-06
D000215,M79.3,Panniculitis,Musculoskeletal,Low,2026-06-06
D000216,I21.0,ST elevation myocardial infarction,Cardiovascular,Critical,2026-06-06
D000217,I21.0,ST elevation myocardial infarction,Cardiovascular,Low,2026-06-06
D000218,F32.9,Major depressive disorder single episode,Mental Health,High,2026-06-06
D000219,F41.1,Generalized anxiety disorder,Mental Health,High,2026-06-06
D000220,I21.0,ST elevation myocardial infarction,Cardiovascular,Critical,2026-06-06
D000221,J96.00,Acute respiratory failure unspecified,Respiratory,Low,2026-06-06
D000222,J18.9,Pneumonia unspecified,Respiratory,Medium,2026-06-06
D000223,E11.65,Type 2 diabetes with hyperglycemia,Endocrine,Medium,2026-06-06
D000224,G43.909,Migraine unspecified,Neurological,High,2026-06-06
D000225,K57.30,Diverticulosis of large intestine,Gastrointestinal,High,2026-06-06
D000226,A41.9,Sepsis unspecified,Infectious,Low,2026-06-06
D000227,K57.30,Diverticulosis of large intestine,Gastrointestinal,Critical,2026-06-06
D000228,S72.001,Fracture of femoral head,Musculoskeletal,Medium,2026-06-06
D000229,E11.65,Type 2 diabetes with hyperglycemia,Endocrine,High,2026-06-06
D000230,I10,Essential hypertension,Cardiovascular,Low,2026-06-06
D000231,I10,Essential hypertension,Cardiovascular,Critical,2026-06-06
D000232,A41.9,Sepsis unspecified,Infectious,Critical,2026-06-06
D000233,F41.1,Generalized anxiety disorder,Mental Health,Critical,2026-06-06
D000234,I50.9,Heart failure unspecified,Cardiovascular,Low,2026-06-06
D000235,J96.00,Acute respiratory failure unspecified,Respiratory,Low,2026-06-06
D000236,M79.3,Panniculitis,Musculoskeletal,Critical,2026-06-06
D000237,K92.1,Melena,Gastrointestinal,Low,2026-06-06
D000238,F32.9,Major depressive disorder single episode,Mental Health,Low,2026-06-06
D000239,E11.65,Type 2 diabetes with hyperglycemia,Endocrine,Medium,2026-06-06
D000240,G35,Multiple sclerosis,Neurological,Critical,2026-06-06
D000241,N18.3,Chronic kidney disease stage 3,Renal,Low,2026-06-06
D000242,I10,Essential hypertension,Cardiovascular,High,2026-06-06
D000243,F41.1,Generalized anxiety disorder,Mental Health,Low,2026-06-06
D000244,J96.00,Acute respiratory failure unspecified,Respiratory,High,2026-06-06
D000245,I21.0,ST elevation myocardial infarction,Cardiovascular,Medium,2026-06-06
D000246,G35,Multiple sclerosis,Neurological,Medium,2026-06-06
D000247,A41.9,Sepsis unspecified,Infectious,Low,2026-06-06
D000248,N39.0,Urinary tract infection,Renal,Medium,2026-06-06
D000249,G35,Multiple sclerosis,Neurological,Medium,2026-06-06
D000250,G35,Multiple sclerosis,Neurological,Critical,2026-06-06
D000251,F41.1,Generalized anxiety disorder,Mental Health,High,2026-06-06
D000252,A41.9,Sepsis unspecified,Infectious,Medium,2026-06-06
D000253,I10,Essential hypertension,Cardiovascular,High,2026-06-06
D000254,I50.9,Heart failure unspecified,Cardiovascular,Low,2026-06-06
D000255,B97.29,Other coronavirus as cause of disease,Infectious,Medium,2026-06-06
D000256,I10,Essential hypertension,Cardiovascular,High,2026-06-06
D000257,G43.909,Migraine unspecified,Neurological,Critical,2026-06-06
D000258,K92.1,Melena,Gastrointestinal,Low,2026-06-06
D000259,N18.3,Chronic kidney disease stage 3,Renal,Critical,2026-06-06
D000260,M79.3,Panniculitis,Musculoskeletal,Medium,2026-06-06
D000261,K57.30,Diverticulosis of large intestine,Gastrointestinal,Critical,2026-06-06
D000262,B97.29,Other coronavirus as cause of disease,Infectious,Medium,2026-06-06
D000263,G35,Multiple sclerosis,Neurological,Critical,2026-06-06
D000264,I10,Essential hypertension,Cardiovascular,High,2026-06-06
D000265,E11.65,Type 2 diabetes with hyperglycemia,Endocrine,Low,2026-06-06
D000266,I10,Essential hypertension,Cardiovascular,High,2026-06-06
D000267,J44.1,COPD with acute exacerbation,Respiratory,Critical,2026-06-06
D000268,J44.1,COPD with acute exacerbation,Respiratory,Critical,2026-06-06
D000269,K92.1,Melena,Gastrointestinal,High,2026-06-06
D000270,J18.9,Pneumonia unspecified,Respiratory,Low,2026-06-06
D000271,I21.0,ST elevation myocardial infarction,Cardiovascular,High,2026-06-06
D000272,S72.001,Fracture of femoral head,Musculoskeletal,High,2026-06-06
D000273,N18.3,Chronic kidney disease stage 3,Renal,Low,2026-06-06
D000274,J44.1,COPD with acute exacerbation,Respiratory,Low,2026-06-06
D000275,J96.00,Acute respiratory failure unspecified,Respiratory,Critical,2026-06-06
D000276,S72.001,Fracture of femoral head,Musculoskeletal,Critical,2026-06-06
D000277,J18.9,Pneumonia unspecified,Respiratory,Low,2026-06-06
D000278,I10,Essential hypertension,Cardiovascular,High,2026-06-06
D000279,F41.1,Generalized anxiety disorder,Mental Health,Low,2026-06-06
D000280,G43.909,Migraine unspecified,Neurological,High,2026-06-06
D000281,A41.9,Sepsis unspecified,Infectious,Low,2026-06-06
D000282,N39.0,Urinary tract infection,Renal,Critical,2026-06-06
D000283,A41.9,Sepsis unspecified,Infectious,Low,2026-06-06
D000284,F41.1,Generalized anxiety disorder,Mental Health,Medium,2026-06-06
D000285,G35,Multiple sclerosis,Neurological,Medium,2026-06-06
D000286,A41.9,Sepsis unspecified,Infectious,Medium,2026-06-06
D000287,J44.1,COPD with acute exacerbation,Respiratory,High,2026-06-06
D000288,N39.0,Urinary tract infection,Renal,High,2026-06-06
D000289,M79.3,Panniculitis,Musculoskeletal,Medium,2026-06-06
D000290,I10,Essential hypertension,Cardiovascular,Medium,2026-06-06
D000291,B97.29,Other coronavirus as cause of disease,Infectious,High,2026-06-06
D000292,B97.29,Other coronavirus as cause of disease,Infectious,High,2026-06-06
D000293,M79.3,Panniculitis,Musculoskeletal,Low,2026-06-06
D000294,K57.30,Diverticulosis of large intestine,Gastrointestinal,High,2026-06-06
D000295,E11.65,Type 2 diabetes with hyperglycemia,Endocrine,Critical,2026-06-06
D000296,G43.909,Migraine unspecified,Neurological,Medium,2026-06-06
D000297,S72.001,Fracture of femoral head,Musculoskeletal,Low,2026-06-06
D000298,J44.1,COPD with acute exacerbation,Respiratory,High,2026-06-06
D000299,I21.0,ST elevation myocardial infarction,Cardiovascular,Critical,2026-06-06
D000300,K92.1,Melena,Gastrointestinal,Critical,2026-06-06
D000301,K92.1,Melena,Gastrointestinal,Critical,2026-06-06
D000302,K92.1,Melena,Gastrointestinal,Critical,2026-06-06
D000303,G43.909,Migraine unspecified,Neurological,Medium,2026-06-06
D000304,N39.0,Urinary tract infection,Renal,High,2026-06-06
D000305,G43.909,Migraine unspecified,Neurological,Medium,2026-06-06
D000306,M79.3,Panniculitis,Musculoskeletal,High,2026-06-06
D000307,J96.00,Acute respiratory failure unspecified,Respiratory,Critical,2026-06-06
D000308,K92.1,Melena,Gastrointestinal,High,2026-06-06
D000309,M79.3,Panniculitis,Musculoskeletal,Medium,2026-06-06
D000310,K92.1,Melena,Gastrointestinal,Critical,2026-06-06
D000311,N18.3,Chronic kidney disease stage 3,Renal,Critical,2026-06-06
D000312,K57.30,Diverticulosis of large intestine,Gastrointestinal,Low,2026-06-06
D000313,G35,Multiple sclerosis,Neurological,Medium,2026-06-06
D000314,G35,Multiple sclerosis,Neurological,Medium,2026-06-06
D000315,F41.1,Generalized anxiety disorder,Mental Health,Low,2026-06-06
D000316,S72.001,Fracture of femoral head,Musculoskeletal,Medium,2026-06-06
D000317,S72.001,Fracture of femoral head,Musculoskeletal,High,2026-06-06
D000318,I10,Essential hypertension,Cardiovascular,Critical,2026-06-06
D000319,M79.3,Panniculitis,Musculoskeletal,Medium,2026-06-06
D000320,N39.0,Urinary tract infection,Renal,Medium,2026-06-06
D000321,N18.3,Chronic kidney disease stage 3,Renal,Medium,2026-06-06
D000322,B97.29,Other coronavirus as cause of disease,Infectious,Critical,2026-06-06
D000323,I10,Essential hypertension,Cardiovascular,Critical,2026-06-06
D000324,G43.909,Migraine unspecified,Neurological,Critical,2026-06-06
D000325,G35,Multiple sclerosis,Neurological,Critical,2026-06-06
D000326,F41.1,Generalized anxiety disorder,Mental Health,Critical,2026-06-06
D000327,F41.1,Generalized anxiety disorder,Mental Health,Low,2026-06-06
D000328,K57.30,Diverticulosis of large intestine,Gastrointestinal,Low,2026-06-06
D000329,J18.9,Pneumonia unspecified,Respiratory,Medium,2026-06-06
D000330,K57.30,Diverticulosis of large intestine,Gastrointestinal,Medium,2026-06-06
D000331,G43.909,Migraine unspecified,Neurological,Low,2026-06-06
D000332,G35,Multiple sclerosis,Neurological,Critical,2026-06-06
D000333,K92.1,Melena,Gastrointestinal,Critical,2026-06-06
D000334,J18.9,Pneumonia unspecified,Respiratory,Low,2026-06-06
D000335,J18.9,Pneumonia unspecified,Respiratory,High,2026-06-06
D000336,E11.65,Type 2 diabetes with hyperglycemia,Endocrine,Medium,2026-06-06
D000337,S72.001,Fracture of femoral head,Musculoskeletal,High,2026-06-06
D000338,A41.9,Sepsis unspecified,Infectious,Critical,2026-06-06
D000339,G35,Multiple sclerosis,Neurological,Medium,2026-06-06
D000340,K57.30,Diverticulosis of large intestine,Gastrointestinal,Low,2026-06-06
D000341,M79.3,Panniculitis,Musculoskeletal,Low,2026-06-06
D000342,N39.0,Urinary tract infection,Renal,Critical,2026-06-06
D000343,I10,Essential hypertension,Cardiovascular,Low,2026-06-06
D000344,J44.1,COPD with acute exacerbation,Respiratory,High,2026-06-06
D000345,N39.0,Urinary tract infection,Renal,High,2026-06-06
D000346,S72.001,Fracture of femoral head,Musculoskeletal,Medium,2026-06-06
D000347,F32.9,Major depressive disorder single episode,Mental Health,Critical,2026-06-06
D000348,K57.30,Diverticulosis of large intestine,Gastrointestinal,Critical,2026-06-06
D000349,J18.9,Pneumonia unspecified,Respiratory,Critical,2026-06-06
D000350,S72.001,Fracture of femoral head,Musculoskeletal,High,2026-06-06
D000351,I10,Essential hypertension,Cardiovascular,High,2026-06-06
D000352,I50.9,Heart failure unspecified,Cardiovascular,Low,2026-06-06
D000353,I21.0,ST elevation myocardial infarction,Cardiovascular,High,2026-06-06
D000354,J18.9,Pneumonia unspecified,Respiratory,Medium,2026-06-06
D000355,E11.65,Type 2 diabetes with hyperglycemia,Endocrine,Medium,2026-06-06
D000356,F41.1,Generalized anxiety disorder,Mental Health,Medium,2026-06-06
D000357,K92.1,Melena,Gastrointestinal,Critical,2026-06-06
D000358,S72.001,Fracture of femoral head,Musculoskeletal,Medium,2026-06-06
D000359,A41.9,Sepsis unspecified,Infectious,Medium,2026-06-06
D000360,J96.00,Acute respiratory failure unspecified,Respiratory,Critical,2026-06-06
D000361,A41.9,Sepsis unspecified,Infectious,Low,2026-06-06
D000362,G43.909,Migraine unspecified,Neurological,Medium,2026-06-06
D000363,S72.001,Fracture of femoral head,Musculoskeletal,Critical,2026-06-06
D000364,A41.9,Sepsis unspecified,Infectious,Low,2026-06-06
D000365,E11.9,Type 2 diabetes without complications,Endocrine,Medium,2026-06-06
D000366,N18.3,Chronic kidney disease stage 3,Renal,Low,2026-06-06
D000367,G35,Multiple sclerosis,Neurological,Low,2026-06-06
D000368,F41.1,Generalized anxiety disorder,Mental Health,Medium,2026-06-06
D000369,K57.30,Diverticulosis of large intestine,Gastrointestinal,High,2026-06-06
D000370,E11.9,Type 2 diabetes without complications,Endocrine,Critical,2026-06-06
D000371,J18.9,Pneumonia unspecified,Respiratory,High,2026-06-06
D000372,M79.3,Panniculitis,Musculoskeletal,High,2026-06-06
D000373,G43.909,Migraine unspecified,Neurological,Critical,2026-06-06
D000374,G43.909,Migraine unspecified,Neurological,Critical,2026-06-06
D000375,G35,Multiple sclerosis,Neurological,Low,2026-06-06
D000376,K57.30,Diverticulosis of large intestine,Gastrointestinal,High,2026-06-06
D000377,S72.001,Fracture of femoral head,Musculoskeletal,Medium,2026-06-06
D000378,N39.0,Urinary tract infection,Renal,Low,2026-06-06
D000379,J44.1,COPD with acute exacerbation,Respiratory,High,2026-06-06
D000380,J18.9,Pneumonia unspecified,Respiratory,Medium,2026-06-06
D000381,N39.0,Urinary tract infection,Renal,Low,2026-06-06
D000382,J96.00,Acute respiratory failure unspecified,Respiratory,High,2026-06-06
D000383,J44.1,COPD with acute exacerbation,Respiratory,Critical,2026-06-06
D000384,B97.29,Other coronavirus as cause of disease,Infectious,Medium,2026-06-06
D000385,G35,Multiple sclerosis,Neurological,Critical,2026-06-06
D000386,B97.29,Other coronavirus as cause of disease,Infectious,Medium,2026-06-06
D000387,M79.3,Panniculitis,Musculoskeletal,Medium,2026-06-06
D000388,F41.1,Generalized anxiety disorder,Mental Health,Medium,2026-06-06
D000389,M79.3,Panniculitis,Musculoskeletal,High,2026-06-06
D000390,J44.1,COPD with acute exacerbation,Respiratory,Medium,2026-06-06
D000391,K92.1,Melena,Gastrointestinal,Critical,2026-06-06
D000392,G43.909,Migraine unspecified,Neurological,Low,2026-06-06
D000393,K57.30,Diverticulosis of large intestine,Gastrointestinal,Low,2026-06-06
D000394,M79.3,Panniculitis,Musculoskeletal,Medium,2026-06-06
D000395,E11.9,Type 2 diabetes without complications,Endocrine,Critical,2026-06-06
D000396,F41.1,Generalized anxiety disorder,Mental Health,Critical,2026-06-06
D000397,B97.29,Other coronavirus as cause of disease,Infectious,Critical,2026-06-06
D000398,B97.29,Other coronavirus as cause of disease,Infectious,Critical,2026-06-06
D000399,M79.3,Panniculitis,Musculoskeletal,Medium,2026-06-06
D000400,I10,Essential hypertension,Cardiovascular,Low,2026-06-06
D000401,E11.65,Type 2 diabetes with hyperglycemia,Endocrine,High,2026-06-06
D000402,I50.9,Heart failure unspecified,Cardiovascular,High,2026-06-06
D000403,E11.65,Type 2 diabetes with hyperglycemia,Endocrine,High,2026-06-06
D000404,J96.00,Acute respiratory failure unspecified,Respiratory,Critical,2026-06-06
D000405,G35,Multiple sclerosis,Neurological,Critical,2026-06-06
D000406,F41.1,Generalized anxiety disorder,Mental Health,Low,2026-06-06
D000407,G35,Multiple sclerosis,Neurological,Low,2026-06-06
D000408,N18.3,Chronic kidney disease stage 3,Renal,High,2026-06-06
D000409,F41.1,Generalized anxiety disorder,Mental Health,Low,2026-06-06
D000410,S72.001,Fracture of femoral head,Musculoskeletal,Medium,2026-06-06
D000411,B97.29,Other coronavirus as cause of disease,Infectious,Low,2026-06-06
D000412,E11.65,Type 2 diabetes with hyperglycemia,Endocrine,High,2026-06-06
D000413,I50.9,Heart failure unspecified,Cardiovascular,Critical,2026-06-06
D000414,N18.3,Chronic kidney disease stage 3,Renal,High,2026-06-06
D000415,I10,Essential hypertension,Cardiovascular,Critical,2026-06-06
D000416,J18.9,Pneumonia unspecified,Respiratory,Medium,2026-06-06
D000417,E11.9,Type 2 diabetes without complications,Endocrine,High,2026-06-06
D000418,G43.909,Migraine unspecified,Neurological,Critical,2026-06-06
D000419,J96.00,Acute respiratory failure unspecified,Respiratory,Medium,2026-06-06
D000420,E11.9,Type 2 diabetes without complications,Endocrine,Medium,2026-06-06
D000421,I50.9,Heart failure unspecified,Cardiovascular,High,2026-06-06
D000422,F41.1,Generalized anxiety disorder,Mental Health,High,2026-06-06
D000423,G43.909,Migraine unspecified,Neurological,Medium,2026-06-06
D000424,K92.1,Melena,Gastrointestinal,High,2026-06-06
D000425,N39.0,Urinary tract infection,Renal,High,2026-06-06
D000426,F32.9,Major depressive disorder single episode,Mental Health,Low,2026-06-06
D000427,J44.1,COPD with acute exacerbation,Respiratory,Critical,2026-06-06
D000428,I50.9,Heart failure unspecified,Cardiovascular,High,2026-06-06
D000429,J44.1,COPD with acute exacerbation,Respiratory,Medium,2026-06-06
D000430,E11.65,Type 2 diabetes with hyperglycemia,Endocrine,Medium,2026-06-06
D000431,K92.1,Melena,Gastrointestinal,Medium,2026-06-06
D000432,A41.9,Sepsis unspecified,Infectious,Critical,2026-06-06
D000433,J44.1,COPD with acute exacerbation,Respiratory,High,2026-06-06
D000434,B97.29,Other coronavirus as cause of disease,Infectious,Critical,2026-06-06
D000435,S72.001,Fracture of femoral head,Musculoskeletal,Low,2026-06-06
D000436,I10,Essential hypertension,Cardiovascular,Critical,2026-06-06
D000437,F32.9,Major depressive disorder single episode,Mental Health,High,2026-06-06
D000438,K57.30,Diverticulosis of large intestine,Gastrointestinal,Critical,2026-06-06
D000439,M79.3,Panniculitis,Musculoskeletal,High,2026-06-06
D000440,G35,Multiple sclerosis,Neurological,Low,2026-06-06
D000441,I10,Essential hypertension,Cardiovascular,Critical,2026-06-06
D000442,K57.30,Diverticulosis of large intestine,Gastrointestinal,Low,2026-06-06
D000443,F41.1,Generalized anxiety disorder,Mental Health,Critical,2026-06-06
D000444,E11.9,Type 2 diabetes without complications,Endocrine,Critical,2026-06-06
D000445,E11.9,Type 2 diabetes without complications,Endocrine,Critical,2026-06-06
D000446,N18.3,Chronic kidney disease stage 3,Renal,High,2026-06-06
D000447,N39.0,Urinary tract infection,Renal,High,2026-06-06
D000448,F41.1,Generalized anxiety disorder,Mental Health,Medium,2026-06-06
D000449,G35,Multiple sclerosis,Neurological,Critical,2026-06-06
D000450,K92.1,Melena,Gastrointestinal,Low,2026-06-06
D000451,I50.9,Heart failure unspecified,Cardiovascular,Low,2026-06-06
D000452,S72.001,Fracture of femoral head,Musculoskeletal,Low,2026-06-06
D000453,J18.9,Pneumonia unspecified,Respiratory,Medium,2026-06-06
D000454,S72.001,Fracture of femoral head,Musculoskeletal,Critical,2026-06-06
D000455,I21.0,ST elevation myocardial infarction,Cardiovascular,Critical,2026-06-06
D000456,E11.9,Type 2 diabetes without complications,Endocrine,Medium,2026-06-06
D000457,N39.0,Urinary tract infection,Renal,Medium,2026-06-06
D000458,N18.3,Chronic kidney disease stage 3,Renal,Low,2026-06-06
D000459,K57.30,Diverticulosis of large intestine,Gastrointestinal,High,2026-06-06
D000460,I10,Essential hypertension,Cardiovascular,High,2026-06-06
D000461,J96.00,Acute respiratory failure unspecified,Respiratory,Low,2026-06-06
D000462,A41.9,Sepsis unspecified,Infectious,High,2026-06-06
D000463,E11.65,Type 2 diabetes with hyperglycemia,Endocrine,Critical,2026-06-06
D000464,I10,Essential hypertension,Cardiovascular,Low,2026-06-06
D000465,I21.0,ST elevation myocardial infarction,Cardiovascular,Medium,2026-06-06
D000466,M79.3,Panniculitis,Musculoskeletal,Low,2026-06-06
D000467,J44.1,COPD with acute exacerbation,Respiratory,Medium,2026-06-06
D000468,F32.9,Major depressive disorder single episode,Mental Health,Critical,2026-06-06
D000469,I21.0,ST elevation myocardial infarction,Cardiovascular,Low,2026-06-06
D000470,K92.1,Melena,Gastrointestinal,Low,2026-06-06
D000471,B97.29,Other coronavirus as cause of disease,Infectious,Medium,2026-06-06
D000472,M79.3,Panniculitis,Musculoskeletal,Low,2026-06-06
D000473,E11.65,Type 2 diabetes with hyperglycemia,Endocrine,Critical,2026-06-06
D000474,I10,Essential hypertension,Cardiovascular,Low,2026-06-06
D000475,J18.9,Pneumonia unspecified,Respiratory,High,2026-06-06
D000476,K57.30,Diverticulosis of large intestine,Gastrointestinal,High,2026-06-06
D000477,J44.1,COPD with acute exacerbation,Respiratory,Critical,2026-06-06
D000478,J44.1,COPD with acute exacerbation,Respiratory,Medium,2026-06-06
D000479,I10,Essential hypertension,Cardiovascular,Low,2026-06-06
D000480,G43.909,Migraine unspecified,Neurological,Medium,2026-06-06
D000481,S72.001,Fracture of femoral head,Musculoskeletal,High,2026-06-06
D000482,E11.9,Type 2 diabetes without complications,Endocrine,Medium,2026-06-06
D000483,B97.29,Other coronavirus as cause of disease,Infectious,Critical,2026-06-06
D000484,E11.9,Type 2 diabetes without complications,Endocrine,Low,2026-06-06
D000485,J18.9,Pneumonia unspecified,Respiratory,Medium,2026-06-06
D000486,J18.9,Pneumonia unspecified,Respiratory,Critical,2026-06-06
D000487,K57.30,Diverticulosis of large intestine,Gastrointestinal,Critical,2026-06-06
D000488,K92.1,Melena,Gastrointestinal,Medium,2026-06-06
D000489,E11.65,Type 2 diabetes with hyperglycemia,Endocrine,High,2026-06-06
D000490,I10,Essential hypertension,Cardiovascular,Medium,2026-06-06
D000491,F41.1,Generalized anxiety disorder,Mental Health,High,2026-06-06
D000492,I21.0,ST elevation myocardial infarction,Cardiovascular,High,2026-06-06
D000493,E11.9,Type 2 diabetes without complications,Endocrine,Medium,2026-06-06
D000494,A41.9,Sepsis unspecified,Infectious,High,2026-06-06
D000495,I50.9,Heart failure unspecified,Cardiovascular,Medium,2026-06-06
D000496,M79.3,Panniculitis,Musculoskeletal,Critical,2026-06-06
D000497,J18.9,Pneumonia unspecified,Respiratory,Medium,2026-06-06
D000498,M79.3,Panniculitis,Musculoskeletal,Low,2026-06-06
D000499,F32.9,Major depressive disorder single episode,Mental Health,Low,2026-06-06
D000500,K57.30,Diverticulosis of large intestine,Gastrointestinal,High,2026-06-06
D000501,J44.1,COPD with acute exacerbation,Respiratory,Critical,2026-06-06
D000502,G35,Multiple sclerosis,Neurological,Critical,2026-06-06
D000503,K57.30,Diverticulosis of large intestine,Gastrointestinal,Medium,2026-06-06
D000504,M79.3,Panniculitis,Musculoskeletal,Low,2026-06-06
D000505,I21.0,ST elevation myocardial infarction,Cardiovascular,Low,2026-06-06
D000506,I21.0,ST elevation myocardial infarction,Cardiovascular,High,2026-06-06
D000507,E11.9,Type 2 diabetes without complications,Endocrine,Low,2026-06-06
D000508,I50.9,Heart failure unspecified,Cardiovascular,Critical,2026-06-06
D000509,F32.9,Major depressive disorder single episode,Mental Health,High,2026-06-06
D000510,F32.9,Major depressive disorder single episode,Mental Health,Critical,2026-06-06
D000511,B97.29,Other coronavirus as cause of disease,Infectious,Critical,2026-06-06
D000512,I10,Essential hypertension,Cardiovascular,Medium,2026-06-06
D000513,N18.3,Chronic kidney disease stage 3,Renal,Low,2026-06-06
D000514,N39.0,Urinary tract infection,Renal,Low,2026-06-06
D000515,F32.9,Major depressive disorder single episode,Mental Health,Medium,2026-06-06
D000516,J44.1,COPD with acute exacerbation,Respiratory,High,2026-06-06
D000517,A41.9,Sepsis unspecified,Infectious,Low,2026-06-06
D000518,N39.0,Urinary tract infection,Renal,Critical,2026-06-06
D000519,E11.65,Type 2 diabetes with hyperglycemia,Endocrine,Low,2026-06-06
D000520,E11.65,Type 2 diabetes with hyperglycemia,Endocrine,Low,2026-06-06
D000521,B97.29,Other coronavirus as cause of disease,Infectious,Low,2026-06-06
D000522,S72.001,Fracture of femoral head,Musculoskeletal,Low,2026-06-06
D000523,N39.0,Urinary tract infection,Renal,Medium,2026-06-06
D000524,J18.9,Pneumonia unspecified,Respiratory,Low,2026-06-06
D000525,J44.1,COPD with acute exacerbation,Respiratory,Low,2026-06-06
D000526,J96.00,Acute respiratory failure unspecified,Respiratory,Critical,2026-06-06
D000527,K57.30,Diverticulosis of large intestine,Gastrointestinal,High,2026-06-06
D000528,J96.00,Acute respiratory failure unspecified,Respiratory,High,2026-06-06
D000529,J44.1,COPD with acute exacerbation,Respiratory,High,2026-06-06
D000530,J18.9,Pneumonia unspecified,Respiratory,Low,2026-06-06
D000531,K92.1,Melena,Gastrointestinal,Critical,2026-06-06
D000532,N18.3,Chronic kidney disease stage 3,Renal,Low,2026-06-06
D000533,N18.3,Chronic kidney disease stage 3,Renal,Low,2026-06-06
D000534,M79.3,Panniculitis,Musculoskeletal,Critical,2026-06-06
D000535,F32.9,Major depressive disorder single episode,Mental Health,High,2026-06-06
D000536,I50.9,Heart failure unspecified,Cardiovascular,Critical,2026-06-06
D000537,G35,Multiple sclerosis,Neurological,Medium,2026-06-06
D000538,K57.30,Diverticulosis of large intestine,Gastrointestinal,Medium,2026-06-06
D000539,N18.3,Chronic kidney disease stage 3,Renal,Low,2026-06-06
D000540,G35,Multiple sclerosis,Neurological,Low,2026-06-06
D000541,E11.65,Type 2 diabetes with hyperglycemia,Endocrine,Low,2026-06-06
D000542,I50.9,Heart failure unspecified,Cardiovascular,Low,2026-06-06
D000543,E11.65,Type 2 diabetes with hyperglycemia,Endocrine,Low,2026-06-06
D000544,M79.3,Panniculitis,Musculoskeletal,High,2026-06-06
D000545,A41.9,Sepsis unspecified,Infectious,Medium,2026-06-06
D000546,J96.00,Acute respiratory failure unspecified,Respiratory,Low,2026-06-06
D000547,F41.1,Generalized anxiety disorder,Mental Health,Critical,2026-06-06
D000548,E11.65,Type 2 diabetes with hyperglycemia,Endocrine,High,2026-06-06
D000549,E11.65,Type 2 diabetes with hyperglycemia,Endocrine,Critical,2026-06-06
D000550,K92.1,Melena,Gastrointestinal,High,2026-06-06
D000551,I10,Essential hypertension,Cardiovascular,High,2026-06-06
D000552,J18.9,Pneumonia unspecified,Respiratory,Low,2026-06-06
D000553,J96.00,Acute respiratory failure unspecified,Respiratory,Medium,2026-06-06
D000554,F32.9,Major depressive disorder single episode,Mental Health,Low,2026-06-06
D000555,A41.9,Sepsis unspecified,Infectious,Low,2026-06-06
D000556,S72.001,Fracture of femoral head,Musculoskeletal,High,2026-06-06
D000557,N39.0,Urinary tract infection,Renal,High,2026-06-06
D000558,I10,Essential hypertension,Cardiovascular,Critical,2026-06-06
D000559,I21.0,ST elevation myocardial infarction,Cardiovascular,High,2026-06-06
D000560,E11.9,Type 2 diabetes without complications,Endocrine,High,2026-06-06
D000561,G35,Multiple sclerosis,Neurological,High,2026-06-06
D000562,G43.909,Migraine unspecified,Neurological,Medium,2026-06-06
D000563,S72.001,Fracture of femoral head,Musculoskeletal,High,2026-06-06
D000564,G35,Multiple sclerosis,Neurological,Critical,2026-06-06
D000565,E11.9,Type 2 diabetes without complications,Endocrine,Medium,2026-06-06
D000566,J44.1,COPD with acute exacerbation,Respiratory,Low,2026-06-06
D000567,B97.29,Other coronavirus as cause of disease,Infectious,Low,2026-06-06
D000568,E11.65,Type 2 diabetes with hyperglycemia,Endocrine,High,2026-06-06
D000569,I21.0,ST elevation myocardial infarction,Cardiovascular,High,2026-06-06
D000570,I21.0,ST elevation myocardial infarction,Cardiovascular,Critical,2026-06-06
D000571,N39.0,Urinary tract infection,Renal,Low,2026-06-06
D000572,E11.9,Type 2 diabetes without complications,Endocrine,Medium,2026-06-06
D000573,B97.29,Other coronavirus as cause of disease,Infectious,Critical,2026-06-06
D000574,I50.9,Heart failure unspecified,Cardiovascular,Medium,2026-06-06
D000575,N18.3,Chronic kidney disease stage 3,Renal,Low,2026-06-06
D000576,I50.9,Heart failure unspecified,Cardiovascular,Medium,2026-06-06
D000577,F32.9,Major depressive disorder single episode,Mental Health,Critical,2026-06-06
D000578,K57.30,Diverticulosis of large intestine,Gastrointestinal,Critical,2026-06-06
D000579,I10,Essential hypertension,Cardiovascular,Low,2026-06-06
D000580,F32.9,Major depressive disorder single episode,Mental Health,Medium,2026-06-06
D000581,A41.9,Sepsis unspecified,Infectious,Low,2026-06-06
D000582,G35,Multiple sclerosis,Neurological,Low,2026-06-06
D000583,B97.29,Other coronavirus as cause of disease,Infectious,Medium,2026-06-06
D000584,E11.65,Type 2 diabetes with hyperglycemia,Endocrine,High,2026-06-06
D000585,N18.3,Chronic kidney disease stage 3,Renal,High,2026-06-06
D000586,A41.9,Sepsis unspecified,Infectious,High,2026-06-06
D000587,K92.1,Melena,Gastrointestinal,Critical,2026-06-06
D000588,N18.3,Chronic kidney disease stage 3,Renal,Medium,2026-06-06
D000589,I10,Essential hypertension,Cardiovascular,Medium,2026-06-06
D000590,J44.1,COPD with acute exacerbation,Respiratory,Low,2026-06-06
D000591,J44.1,COPD with acute exacerbation,Respiratory,Low,2026-06-06
D000592,J96.00,Acute respiratory failure unspecified,Respiratory,Critical,2026-06-06
D000593,S72.001,Fracture of femoral head,Musculoskeletal,High,2026-06-06
D000594,B97.29,Other coronavirus as cause of disease,Infectious,Low,2026-06-06
D000595,F41.1,Generalized anxiety disorder,Mental Health,High,2026-06-06
D000596,E11.9,Type 2 diabetes without complications,Endocrine,Critical,2026-06-06
D000597,N39.0,Urinary tract infection,Renal,Critical,2026-06-06
D000598,N18.3,Chronic kidney disease stage 3,Renal,Low,2026-06-06
D000599,I10,Essential hypertension,Cardiovascular,Medium,2026-06-06
D000600,N39.0,Urinary tract infection,Renal,Low,2026-06-06
D000601,E11.9,Type 2 diabetes without complications,Endocrine,High,2026-06-06
D000602,J44.1,COPD with acute exacerbation,Respiratory,Low,2026-06-06
D000603,E11.65,Type 2 diabetes with hyperglycemia,Endocrine,High,2026-06-06
D000604,A41.9,Sepsis unspecified,Infectious,Low,2026-06-06
D000605,N39.0,Urinary tract infection,Renal,High,2026-06-06
D000606,J96.00,Acute respiratory failure unspecified,Respiratory,Low,2026-06-06
D000607,A41.9,Sepsis unspecified,Infectious,Critical,2026-06-06
D000608,F41.1,Generalized anxiety disorder,Mental Health,Medium,2026-06-06
D000609,J18.9,Pneumonia unspecified,Respiratory,Critical,2026-06-06
D000610,J18.9,Pneumonia unspecified,Respiratory,Medium,2026-06-06
D000611,J18.9,Pneumonia unspecified,Respiratory,Low,2026-06-06
D000612,I50.9,Heart failure unspecified,Cardiovascular,Medium,2026-06-06
D000613,J44.1,COPD with acute exacerbation,Respiratory,Medium,2026-06-06
D000614,A41.9,Sepsis unspecified,Infectious,High,2026-06-06
D000615,I10,Essential hypertension,Cardiovascular,High,2026-06-06
D000616,I10,Essential hypertension,Cardiovascular,Low,2026-06-06
D000617,I10,Essential hypertension,Cardiovascular,Medium,2026-06-06
D000618,S72.001,Fracture of femoral head,Musculoskeletal,Medium,2026-06-06
D000619,I10,Essential hypertension,Cardiovascular,High,2026-06-06
D000620,J18.9,Pneumonia unspecified,Respiratory,Low,2026-06-06
D000621,S72.001,Fracture of femoral head,Musculoskeletal,Low,2026-06-06
D000622,J96.00,Acute respiratory failure unspecified,Respiratory,Critical,2026-06-06
D000623,A41.9,Sepsis unspecified,Infectious,Critical,2026-06-06
D000624,I21.0,ST elevation myocardial infarction,Cardiovascular,Critical,2026-06-06
D000625,B97.29,Other coronavirus as cause of disease,Infectious,Medium,2026-06-06
D000626,K57.30,Diverticulosis of large intestine,Gastrointestinal,Medium,2026-06-06
D000627,J96.00,Acute respiratory failure unspecified,Respiratory,High,2026-06-06
D000628,N18.3,Chronic kidney disease stage 3,Renal,Critical,2026-06-06
D000629,J44.1,COPD with acute exacerbation,Respiratory,Low,2026-06-06
D000630,G43.909,Migraine unspecified,Neurological,Medium,2026-06-06
D000631,N39.0,Urinary tract infection,Renal,Critical,2026-06-06
D000632,B97.29,Other coronavirus as cause of disease,Infectious,Critical,2026-06-06
D000633,I50.9,Heart failure unspecified,Cardiovascular,Low,2026-06-06
D000634,N18.3,Chronic kidney disease stage 3,Renal,Critical,2026-06-06
D000635,J44.1,COPD with acute exacerbation,Respiratory,Critical,2026-06-06
D000636,E11.9,Type 2 diabetes without complications,Endocrine,Medium,2026-06-06
D000637,F41.1,Generalized anxiety disorder,Mental Health,Low,2026-06-06
D000638,A41.9,Sepsis unspecified,Infectious,High,2026-06-06
D000639,M79.3,Panniculitis,Musculoskeletal,Critical,2026-06-06
D000640,K57.30,Diverticulosis of large intestine,Gastrointestinal,High,2026-06-06
D000641,A41.9,Sepsis unspecified,Infectious,High,2026-06-06
D000642,J96.00,Acute respiratory failure unspecified,Respiratory,Low,2026-06-06
D000643,K92.1,Melena,Gastrointestinal,Medium,2026-06-06
D000644,I21.0,ST elevation myocardial infarction,Cardiovascular,High,2026-06-06
D000645,I50.9,Heart failure unspecified,Cardiovascular,Critical,2026-06-06
D000646,F32.9,Major depressive disorder single episode,Mental Health,High,2026-06-06
D000647,G35,Multiple sclerosis,Neurological,Medium,2026-06-06
D000648,J96.00,Acute respiratory failure unspecified,Respiratory,Low,2026-06-06
D000649,E11.65,Type 2 diabetes with hyperglycemia,Endocrine,Medium,2026-06-06
D000650,N18.3,Chronic kidney disease stage 3,Renal,Low,2026-06-06
D000651,E11.65,Type 2 diabetes with hyperglycemia,Endocrine,Critical,2026-06-06
D000652,K57.30,Diverticulosis of large intestine,Gastrointestinal,Medium,2026-06-06
D000653,J96.00,Acute respiratory failure unspecified,Respiratory,Medium,2026-06-06
D000654,G35,Multiple sclerosis,Neurological,High,2026-06-06
D000655,K57.30,Diverticulosis of large intestine,Gastrointestinal,Low,2026-06-06
D000656,K57.30,Diverticulosis of large intestine,Gastrointestinal,Medium,2026-06-06
D000657,G35,Multiple sclerosis,Neurological,Medium,2026-06-06
D000658,M79.3,Panniculitis,Musculoskeletal,High,2026-06-06
D000659,J96.00,Acute respiratory failure unspecified,Respiratory,Critical,2026-06-06
D000660,I50.9,Heart failure unspecified,Cardiovascular,Low,2026-06-06
D000661,I50.9,Heart failure unspecified,Cardiovascular,Medium,2026-06-06
D000662,G43.909,Migraine unspecified,Neurological,Medium,2026-06-06
D000663,I21.0,ST elevation myocardial infarction,Cardiovascular,Critical,2026-06-06
D000664,I21.0,ST elevation myocardial infarction,Cardiovascular,High,2026-06-06
D000665,G43.909,Migraine unspecified,Neurological,Medium,2026-06-06
D000666,J44.1,COPD with acute exacerbation,Respiratory,High,2026-06-06
D000667,J96.00,Acute respiratory failure unspecified,Respiratory,High,2026-06-06
D000668,I50.9,Heart failure unspecified,Cardiovascular,Low,2026-06-06
D000669,J44.1,COPD with acute exacerbation,Respiratory,Medium,2026-06-06
D000670,J18.9,Pneumonia unspecified,Respiratory,High,2026-06-06
D000671,I10,Essential hypertension,Cardiovascular,High,2026-06-06
D000672,A41.9,Sepsis unspecified,Infectious,Low,2026-06-06
D000673,K92.1,Melena,Gastrointestinal,High,2026-06-06
D000674,K92.1,Melena,Gastrointestinal,Medium,2026-06-06
D000675,J96.00,Acute respiratory failure unspecified,Respiratory,Critical,2026-06-06
D000676,M79.3,Panniculitis,Musculoskeletal,High,2026-06-06
D000677,J96.00,Acute respiratory failure unspecified,Respiratory,High,2026-06-06
D000678,E11.65,Type 2 diabetes with hyperglycemia,Endocrine,Medium,2026-06-06
D000679,A41.9,Sepsis unspecified,Infectious,High,2026-06-06
D000680,N39.0,Urinary tract infection,Renal,Medium,2026-06-06
D000681,J96.00,Acute respiratory failure unspecified,Respiratory,Low,2026-06-06
D000682,G35,Multiple sclerosis,Neurological,Critical,2026-06-06
D000683,G35,Multiple sclerosis,Neurological,Low,2026-06-06
D000684,J96.00,Acute respiratory failure unspecified,Respiratory,High,2026-06-06
D000685,G43.909,Migraine unspecified,Neurological,Medium,2026-06-06
D000686,G35,Multiple sclerosis,Neurological,Low,2026-06-06
D000687,M79.3,Panniculitis,Musculoskeletal,Medium,2026-06-06
D000688,K92.1,Melena,Gastrointestinal,Low,2026-06-06
D000689,E11.65,Type 2 diabetes with hyperglycemia,Endocrine,High,2026-06-06
D000690,K92.1,Melena,Gastrointestinal,Medium,2026-06-06
D000691,I10,Essential hypertension,Cardiovascular,High,2026-06-06
D000692,S72.001,Fracture of femoral head,Musculoskeletal,Low,2026-06-06
D000693,N18.3,Chronic kidney disease stage 3,Renal,Medium,2026-06-06
D000694,E11.65,Type 2 diabetes with hyperglycemia,Endocrine,Low,2026-06-06
D000695,K57.30,Diverticulosis of large intestine,Gastrointestinal,High,2026-06-06
D000696,J18.9,Pneumonia unspecified,Respiratory,Low,2026-06-06
D000697,I50.9,Heart failure unspecified,Cardiovascular,Critical,2026-06-06
D000698,S72.001,Fracture of femoral head,Musculoskeletal,Critical,2026-06-06
D000699,J96.00,Acute respiratory failure unspecified,Respiratory,Critical,2026-06-06
D000700,M79.3,Panniculitis,Musculoskeletal,Critical,2026-06-06
D000701,K57.30,Diverticulosis of large intestine,Gastrointestinal,Critical,2026-06-06
D000702,J18.9,Pneumonia unspecified,Respiratory,Critical,2026-06-06
D000703,G35,Multiple sclerosis,Neurological,Medium,2026-06-06
D000704,J96.00,Acute respiratory failure unspecified,Respiratory,Critical,2026-06-06
D000705,I10,Essential hypertension,Cardiovascular,Low,2026-06-06
D000706,N39.0,Urinary tract infection,Renal,Low,2026-06-06
D000707,K92.1,Melena,Gastrointestinal,High,2026-06-06
D000708,J18.9,Pneumonia unspecified,Respiratory,Low,2026-06-06
D000709,K92.1,Melena,Gastrointestinal,Medium,2026-06-06
D000710,A41.9,Sepsis unspecified,Infectious,Medium,2026-06-06
D000711,I10,Essential hypertension,Cardiovascular,Low,2026-06-06
D000712,K92.1,Melena,Gastrointestinal,Critical,2026-06-06
D000713,I21.0,ST elevation myocardial infarction,Cardiovascular,Critical,2026-06-06
D000714,J96.00,Acute respiratory failure unspecified,Respiratory,Critical,2026-06-06
D000715,J96.00,Acute respiratory failure unspecified,Respiratory,Low,2026-06-06
D000716,J18.9,Pneumonia unspecified,Respiratory,High,2026-06-06
D000717,E11.9,Type 2 diabetes without complications,Endocrine,Medium,2026-06-06
D000718,B97.29,Other coronavirus as cause of disease,Infectious,High,2026-06-06
D000719,N39.0,Urinary tract infection,Renal,High,2026-06-06
D000720,E11.65,Type 2 diabetes with hyperglycemia,Endocrine,Low,2026-06-06
D000721,I50.9,Heart failure unspecified,Cardiovascular,Critical,2026-06-06
D000722,G35,Multiple sclerosis,Neurological,Critical,2026-06-06
D000723,J44.1,COPD with acute exacerbation,Respiratory,Low,2026-06-06
D000724,K57.30,Diverticulosis of large intestine,Gastrointestinal,Low,2026-06-06
D000725,B97.29,Other coronavirus as cause of disease,Infectious,Low,2026-06-06
D000726,N39.0,Urinary tract infection,Renal,Critical,2026-06-06
D000727,E11.9,Type 2 diabetes without complications,Endocrine,Low,2026-06-06
D000728,I21.0,ST elevation myocardial infarction,Cardiovascular,Medium,2026-06-06
D000729,J96.00,Acute respiratory failure unspecified,Respiratory,High,2026-06-06
D000730,I10,Essential hypertension,Cardiovascular,Critical,2026-06-06
D000731,J18.9,Pneumonia unspecified,Respiratory,High,2026-06-06
D000732,A41.9,Sepsis unspecified,Infectious,Critical,2026-06-06
D000733,M79.3,Panniculitis,Musculoskeletal,High,2026-06-06
D000734,I10,Essential hypertension,Cardiovascular,Critical,2026-06-06
D000735,J96.00,Acute respiratory failure unspecified,Respiratory,High,2026-06-06
D000736,A41.9,Sepsis unspecified,Infectious,High,2026-06-06
D000737,J96.00,Acute respiratory failure unspecified,Respiratory,Critical,2026-06-06
D000738,I50.9,Heart failure unspecified,Cardiovascular,High,2026-06-06
D000739,S72.001,Fracture of femoral head,Musculoskeletal,Critical,2026-06-06
D000740,N18.3,Chronic kidney disease stage 3,Renal,Medium,2026-06-06
D000741,N18.3,Chronic kidney disease stage 3,Renal,Low,2026-06-06
D000742,J44.1,COPD with acute exacerbation,Respiratory,Low,2026-06-06
D000743,I10,Essential hypertension,Cardiovascular,High,2026-06-06
D000744,F41.1,Generalized anxiety disorder,Mental Health,Critical,2026-06-06
D000745,G35,Multiple sclerosis,Neurological,Medium,2026-06-06
D000746,F41.1,Generalized anxiety disorder,Mental Health,Low,2026-06-06
D000747,A41.9,Sepsis unspecified,Infectious,Critical,2026-06-06
D000748,F41.1,Generalized anxiety disorder,Mental Health,Critical,2026-06-06
D000749,G35,Multiple sclerosis,Neurological,Medium,2026-06-06
D000750,M79.3,Panniculitis,Musculoskeletal,High,2026-06-06
D000751,I10,Essential hypertension,Cardiovascular,Critical,2026-06-06
D000752,I50.9,Heart failure unspecified,Cardiovascular,Medium,2026-06-06
D000753,J18.9,Pneumonia unspecified,Respiratory,Critical,2026-06-06
D000754,J96.00,Acute respiratory failure unspecified,Respiratory,Medium,2026-06-06
D000755,E11.9,Type 2 diabetes without complications,Endocrine,Medium,2026-06-06
D000756,J44.1,COPD with acute exacerbation,Respiratory,Low,2026-06-06
D000757,B97.29,Other coronavirus as cause of disease,Infectious,Low,2026-06-06
D000758,B97.29,Other coronavirus as cause of disease,Infectious,Medium,2026-06-06
D000759,J44.1,COPD with acute exacerbation,Respiratory,High,2026-06-06
D000760,K92.1,Melena,Gastrointestinal,Low,2026-06-06
D000761,I10,Essential hypertension,Cardiovascular,Critical,2026-06-06
D000762,F41.1,Generalized anxiety disorder,Mental Health,Critical,2026-06-06
D000763,F41.1,Generalized anxiety disorder,Mental Health,High,2026-06-06
D000764,N18.3,Chronic kidney disease stage 3,Renal,Critical,2026-06-06
D000765,I21.0,ST elevation myocardial infarction,Cardiovascular,Critical,2026-06-06
D000766,J18.9,Pneumonia unspecified,Respiratory,Critical,2026-06-06
D000767,J44.1,COPD with acute exacerbation,Respiratory,Medium,2026-06-06
D000768,G35,Multiple sclerosis,Neurological,Low,2026-06-06
D000769,J18.9,Pneumonia unspecified,Respiratory,Low,2026-06-06
D000770,N39.0,Urinary tract infection,Renal,High,2026-06-06
D000771,B97.29,Other coronavirus as cause of disease,Infectious,High,2026-06-06
D000772,A41.9,Sepsis unspecified,Infectious,Critical,2026-06-06
D000773,G35,Multiple sclerosis,Neurological,Critical,2026-06-06
D000774,I50.9,Heart failure unspecified,Cardiovascular,Medium,2026-06-06
D000775,N18.3,Chronic kidney disease stage 3,Renal,Critical,2026-06-06
D000776,J44.1,COPD with acute exacerbation,Respiratory,Critical,2026-06-06
D000777,I50.9,Heart failure unspecified,Cardiovascular,Critical,2026-06-06
D000778,K92.1,Melena,Gastrointestinal,Medium,2026-06-06
D000779,I50.9,Heart failure unspecified,Cardiovascular,Critical,2026-06-06
D000780,N18.3,Chronic kidney disease stage 3,Renal,High,2026-06-06
D000781,I21.0,ST elevation myocardial infarction,Cardiovascular,High,2026-06-06
D000782,N39.0,Urinary tract infection,Renal,High,2026-06-06
D000783,N18.3,Chronic kidney disease stage 3,Renal,Critical,2026-06-06
D000784,J18.9,Pneumonia unspecified,Respiratory,Medium,2026-06-06
D000785,J44.1,COPD with acute exacerbation,Respiratory,High,2026-06-06
D000786,S72.001,Fracture of femoral head,Musculoskeletal,High,2026-06-06
D000787,N18.3,Chronic kidney disease stage 3,Renal,Critical,2026-06-06
D000788,G43.909,Migraine unspecified,Neurological,Low,2026-06-06
D000789,E11.9,Type 2 diabetes without complications,Endocrine,Critical,2026-06-06
D000790,E11.9,Type 2 diabetes without complications,Endocrine,Critical,2026-06-06
D000791,M79.3,Panniculitis,Musculoskeletal,High,2026-06-06
D000792,I50.9,Heart failure unspecified,Cardiovascular,Medium,2026-06-06
D000793,I10,Essential hypertension,Cardiovascular,High,2026-06-06
D000794,F32.9,Major depressive disorder single episode,Mental Health,Critical,2026-06-06
D000795,J44.1,COPD with acute exacerbation,Respiratory,Low,2026-06-06
D000796,J96.00,Acute respiratory failure unspecified,Respiratory,Medium,2026-06-06
D000797,E11.9,Type 2 diabetes without complications,Endocrine,Low,2026-06-06
D000798,E11.65,Type 2 diabetes with hyperglycemia,Endocrine,Low,2026-06-06
D000799,S72.001,Fracture of femoral head,Musculoskeletal,Low,2026-06-06
D000800,K57.30,Diverticulosis of large intestine,Gastrointestinal,Medium,2026-06-06
D000801,N18.3,Chronic kidney disease stage 3,Renal,High,2026-06-06
D000802,S72.001,Fracture of femoral head,Musculoskeletal,Critical,2026-06-06
D000803,J18.9,Pneumonia unspecified,Respiratory,Low,2026-06-06
D000804,E11.65,Type 2 diabetes with hyperglycemia,Endocrine,High,2026-06-06
D000805,M79.3,Panniculitis,Musculoskeletal,Critical,2026-06-06
D000806,J96.00,Acute respiratory failure unspecified,Respiratory,Critical,2026-06-06
D000807,G35,Multiple sclerosis,Neurological,High,2026-06-06
D000808,K57.30,Diverticulosis of large intestine,Gastrointestinal,Medium,2026-06-06
D000809,N18.3,Chronic kidney disease stage 3,Renal,Low,2026-06-06
D000810,N39.0,Urinary tract infection,Renal,Low,2026-06-06
D000811,A41.9,Sepsis unspecified,Infectious,Low,2026-06-06
D000812,J96.00,Acute respiratory failure unspecified,Respiratory,Medium,2026-06-06
D000813,E11.65,Type 2 diabetes with hyperglycemia,Endocrine,Medium,2026-06-06
D000814,E11.9,Type 2 diabetes without complications,Endocrine,High,2026-06-06
D000815,B97.29,Other coronavirus as cause of disease,Infectious,Low,2026-06-06
D000816,I21.0,ST elevation myocardial infarction,Cardiovascular,Critical,2026-06-06
D000817,J44.1,COPD with acute exacerbation,Respiratory,Medium,2026-06-06
D000818,G43.909,Migraine unspecified,Neurological,Low,2026-06-06
D000819,E11.65,Type 2 diabetes with hyperglycemia,Endocrine,High,2026-06-06
D000820,G43.909,Migraine unspecified,Neurological,High,2026-06-06
D000821,N18.3,Chronic kidney disease stage 3,Renal,Critical,2026-06-06
D000822,A41.9,Sepsis unspecified,Infectious,High,2026-06-06
D000823,S72.001,Fracture of femoral head,Musculoskeletal,High,2026-06-06
D000824,E11.9,Type 2 diabetes without complications,Endocrine,Critical,2026-06-06
D000825,N39.0,Urinary tract infection,Renal,Critical,2026-06-06
D000826,G35,Multiple sclerosis,Neurological,Low,2026-06-06
D000827,I21.0,ST elevation myocardial infarction,Cardiovascular,High,2026-06-06
D000828,F41.1,Generalized anxiety disorder,Mental Health,High,2026-06-06
D000829,N39.0,Urinary tract infection,Renal,Low,2026-06-06
D000830,M79.3,Panniculitis,Musculoskeletal,Low,2026-06-06
D000831,K92.1,Melena,Gastrointestinal,High,2026-06-06
D000832,K92.1,Melena,Gastrointestinal,High,2026-06-06
D000833,N18.3,Chronic kidney disease stage 3,Renal,High,2026-06-06
D000834,E11.9,Type 2 diabetes without complications,Endocrine,Medium,2026-06-06
D000835,F32.9,Major depressive disorder single episode,Mental Health,Medium,2026-06-06
D000836,I50.9,Heart failure unspecified,Cardiovascular,Critical,2026-06-06
D000837,K92.1,Melena,Gastrointestinal,Medium,2026-06-06
D000838,I21.0,ST elevation myocardial infarction,Cardiovascular,Critical,2026-06-06
D000839,N39.0,Urinary tract infection,Renal,High,2026-06-06
D000840,B97.29,Other coronavirus as cause of disease,Infectious,Critical,2026-06-06
D000841,A41.9,Sepsis unspecified,Infectious,Low,2026-06-06
D000842,G35,Multiple sclerosis,Neurological,Medium,2026-06-06
D000843,K92.1,Melena,Gastrointestinal,Medium,2026-06-06
D000844,F41.1,Generalized anxiety disorder,Mental Health,Critical,2026-06-06
D000845,K57.30,Diverticulosis of large intestine,Gastrointestinal,High,2026-06-06
D000846,J96.00,Acute respiratory failure unspecified,Respiratory,Medium,2026-06-06
D000847,N39.0,Urinary tract infection,Renal,Low,2026-06-06
D000848,M79.3,Panniculitis,Musculoskeletal,Medium,2026-06-06
D000849,N18.3,Chronic kidney disease stage 3,Renal,Medium,2026-06-06
D000850,K92.1,Melena,Gastrointestinal,Low,2026-06-06
D000851,E11.65,Type 2 diabetes with hyperglycemia,Endocrine,High,2026-06-06
D000852,E11.65,Type 2 diabetes with hyperglycemia,Endocrine,High,2026-06-06
D000853,B97.29,Other coronavirus as cause of disease,Infectious,High,2026-06-06
D000854,K57.30,Diverticulosis of large intestine,Gastrointestinal,High,2026-06-06
D000855,G35,Multiple sclerosis,Neurological,High,2026-06-06
D000856,S72.001,Fracture of femoral head,Musculoskeletal,Low,2026-06-06
D000857,M79.3,Panniculitis,Musculoskeletal,Low,2026-06-06
D000858,G35,Multiple sclerosis,Neurological,Low,2026-06-06
D000859,M79.3,Panniculitis,Musculoskeletal,Medium,2026-06-06
D000860,F32.9,Major depressive disorder single episode,Mental Health,Low,2026-06-06
D000861,A41.9,Sepsis unspecified,Infectious,High,2026-06-06
D000862,B97.29,Other coronavirus as cause of disease,Infectious,Low,2026-06-06
D000863,J44.1,COPD with acute exacerbation,Respiratory,Medium,2026-06-06
D000864,E11.9,Type 2 diabetes without complications,Endocrine,High,2026-06-06
D000865,B97.29,Other coronavirus as cause of disease,Infectious,Critical,2026-06-06
D000866,J44.1,COPD with acute exacerbation,Respiratory,High,2026-06-06
D000867,J96.00,Acute respiratory failure unspecified,Respiratory,Low,2026-06-06
D000868,M79.3,Panniculitis,Musculoskeletal,High,2026-06-06
D000869,J96.00,Acute respiratory failure unspecified,Respiratory,High,2026-06-06
D000870,I50.9,Heart failure unspecified,Cardiovascular,Low,2026-06-06
D000871,S72.001,Fracture of femoral head,Musculoskeletal,High,2026-06-06
D000872,E11.9,Type 2 diabetes without complications,Endocrine,Medium,2026-06-06
D000873,G35,Multiple sclerosis,Neurological,Medium,2026-06-06
D000874,M79.3,Panniculitis,Musculoskeletal,Low,2026-06-06
D000875,J44.1,COPD with acute exacerbation,Respiratory,Critical,2026-06-06
D000876,B97.29,Other coronavirus as cause of disease,Infectious,Critical,2026-06-06
D000877,B97.29,Other coronavirus as cause of disease,Infectious,Critical,2026-06-06
D000878,A41.9,Sepsis unspecified,Infectious,Low,2026-06-06
D000879,I50.9,Heart failure unspecified,Cardiovascular,Medium,2026-06-06
D000880,K57.30,Diverticulosis of large intestine,Gastrointestinal,Low,2026-06-06
D000881,K92.1,Melena,Gastrointestinal,Medium,2026-06-06
D000882,I21.0,ST elevation myocardial infarction,Cardiovascular,Low,2026-06-06
D000883,E11.65,Type 2 diabetes with hyperglycemia,Endocrine,Medium,2026-06-06
D000884,K57.30,Diverticulosis of large intestine,Gastrointestinal,High,2026-06-06
D000885,J44.1,COPD with acute exacerbation,Respiratory,Low,2026-06-06
D000886,A41.9,Sepsis unspecified,Infectious,High,2026-06-06
D000887,J96.00,Acute respiratory failure unspecified,Respiratory,Low,2026-06-06
D000888,I50.9,Heart failure unspecified,Cardiovascular,High,2026-06-06
D000889,N39.0,Urinary tract infection,Renal,Critical,2026-06-06
D000890,F32.9,Major depressive disorder single episode,Mental Health,High,2026-06-06
D000891,B97.29,Other coronavirus as cause of disease,Infectious,Medium,2026-06-06
D000892,K92.1,Melena,Gastrointestinal,Critical,2026-06-06
D000893,K57.30,Diverticulosis of large intestine,Gastrointestinal,Medium,2026-06-06
D000894,J96.00,Acute respiratory failure unspecified,Respiratory,Critical,2026-06-06
D000895,I21.0,ST elevation myocardial infarction,Cardiovascular,Medium,2026-06-06
D000896,E11.65,Type 2 diabetes with hyperglycemia,Endocrine,Medium,2026-06-06
D000897,E11.9,Type 2 diabetes without complications,Endocrine,Low,2026-06-06
D000898,G35,Multiple sclerosis,Neurological,Medium,2026-06-06
D000899,J18.9,Pneumonia unspecified,Respiratory,High,2026-06-06
D000900,I50.9,Heart failure unspecified,Cardiovascular,Critical,2026-06-06
D000901,N18.3,Chronic kidney disease stage 3,Renal,Low,2026-06-06
D000902,G43.909,Migraine unspecified,Neurological,Low,2026-06-06
D000903,J18.9,Pneumonia unspecified,Respiratory,Low,2026-06-06
D000904,I50.9,Heart failure unspecified,Cardiovascular,Low,2026-06-06
D000905,B97.29,Other coronavirus as cause of disease,Infectious,Critical,2026-06-06
D000906,A41.9,Sepsis unspecified,Infectious,Low,2026-06-06
D000907,F41.1,Generalized anxiety disorder,Mental Health,High,2026-06-06
D000908,M79.3,Panniculitis,Musculoskeletal,Medium,2026-06-06
D000909,E11.9,Type 2 diabetes without complications,Endocrine,Low,2026-06-06
D000910,N39.0,Urinary tract infection,Renal,Critical,2026-06-06
D000911,J18.9,Pneumonia unspecified,Respiratory,High,2026-06-06
D000912,G43.909,Migraine unspecified,Neurological,Medium,2026-06-06
D000913,B97.29,Other coronavirus as cause of disease,Infectious,Low,2026-06-06
D000914,F32.9,Major depressive disorder single episode,Mental Health,Low,2026-06-06
D000915,N39.0,Urinary tract infection,Renal,Low,2026-06-06
D000916,J18.9,Pneumonia unspecified,Respiratory,Critical,2026-06-06
D000917,E11.9,Type 2 diabetes without complications,Endocrine,Medium,2026-06-06
D000918,N18.3,Chronic kidney disease stage 3,Renal,Medium,2026-06-06
D000919,K57.30,Diverticulosis of large intestine,Gastrointestinal,Critical,2026-06-06
D000920,N39.0,Urinary tract infection,Renal,Medium,2026-06-06
D000921,I50.9,Heart failure unspecified,Cardiovascular,Critical,2026-06-06
D000922,E11.9,Type 2 diabetes without complications,Endocrine,Critical,2026-06-06
D000923,K92.1,Melena,Gastrointestinal,Medium,2026-06-06
D000924,I21.0,ST elevation myocardial infarction,Cardiovascular,Low,2026-06-06
D000925,I10,Essential hypertension,Cardiovascular,Low,2026-06-06
D000926,G35,Multiple sclerosis,Neurological,Critical,2026-06-06
D000927,J44.1,COPD with acute exacerbation,Respiratory,Low,2026-06-06
D000928,F32.9,Major depressive disorder single episode,Mental Health,Low,2026-06-06
D000929,J18.9,Pneumonia unspecified,Respiratory,High,2026-06-06
D000930,E11.65,Type 2 diabetes with hyperglycemia,Endocrine,Critical,2026-06-06
D000931,N39.0,Urinary tract infection,Renal,High,2026-06-06
D000932,S72.001,Fracture of femoral head,Musculoskeletal,Low,2026-06-06
D000933,J18.9,Pneumonia unspecified,Respiratory,Medium,2026-06-06
D000934,I50.9,Heart failure unspecified,Cardiovascular,High,2026-06-06
D000935,K57.30,Diverticulosis of large intestine,Gastrointestinal,High,2026-06-06
D000936,B97.29,Other coronavirus as cause of disease,Infectious,Low,2026-06-06
D000937,J18.9,Pneumonia unspecified,Respiratory,Low,2026-06-06
D000938,I21.0,ST elevation myocardial infarction,Cardiovascular,Medium,2026-06-06
D000939,J96.00,Acute respiratory failure unspecified,Respiratory,High,2026-06-06
D000940,K57.30,Diverticulosis of large intestine,Gastrointestinal,Critical,2026-06-06
D000941,G43.909,Migraine unspecified,Neurological,High,2026-06-06
D000942,I10,Essential hypertension,Cardiovascular,High,2026-06-06
D000943,K92.1,Melena,Gastrointestinal,Medium,2026-06-06
D000944,J18.9,Pneumonia unspecified,Respiratory,Critical,2026-06-06
D000945,A41.9,Sepsis unspecified,Infectious,Critical,2026-06-06
D000946,N18.3,Chronic kidney disease stage 3,Renal,Critical,2026-06-06
D000947,M79.3,Panniculitis,Musculoskeletal,Critical,2026-06-06
D000948,J96.00,Acute respiratory failure unspecified,Respiratory,Low,2026-06-06
D000949,J44.1,COPD with acute exacerbation,Respiratory,Low,2026-06-06
D000950,J96.00,Acute respiratory failure unspecified,Respiratory,Low,2026-06-06
D000951,B97.29,Other coronavirus as cause of disease,Infectious,Critical,2026-06-06
D000952,G35,Multiple sclerosis,Neurological,Critical,2026-06-06
D000953,J96.00,Acute respiratory failure unspecified,Respiratory,Critical,2026-06-06
D000954,K57.30,Diverticulosis of large intestine,Gastrointestinal,Low,2026-06-06
D000955,J44.1,COPD with acute exacerbation,Respiratory,Critical,2026-06-06
D000956,M79.3,Panniculitis,Musculoskeletal,Low,2026-06-06
D000957,B97.29,Other coronavirus as cause of disease,Infectious,Critical,2026-06-06
D000958,I50.9,Heart failure unspecified,Cardiovascular,Low,2026-06-06
D000959,N18.3,Chronic kidney disease stage 3,Renal,High,2026-06-06
D000960,I21.0,ST elevation myocardial infarction,Cardiovascular,Medium,2026-06-06
D000961,K92.1,Melena,Gastrointestinal,Low,2026-06-06
D000962,B97.29,Other coronavirus as cause of disease,Infectious,Medium,2026-06-06
D000963,M79.3,Panniculitis,Musculoskeletal,High,2026-06-06
D000964,A41.9,Sepsis unspecified,Infectious,Medium,2026-06-06
D000965,F41.1,Generalized anxiety disorder,Mental Health,Low,2026-06-06
D000966,I21.0,ST elevation myocardial infarction,Cardiovascular,Medium,2026-06-06
D000967,F32.9,Major depressive disorder single episode,Mental Health,Critical,2026-06-06
D000968,M79.3,Panniculitis,Musculoskeletal,Medium,2026-06-06
D000969,I10,Essential hypertension,Cardiovascular,Critical,2026-06-06
D000970,K92.1,Melena,Gastrointestinal,Medium,2026-06-06
D000971,K92.1,Melena,Gastrointestinal,High,2026-06-06
D000972,I50.9,Heart failure unspecified,Cardiovascular,Medium,2026-06-06
D000973,F41.1,Generalized anxiety disorder,Mental Health,Critical,2026-06-06
D000974,A41.9,Sepsis unspecified,Infectious,Medium,2026-06-06
D000975,I10,Essential hypertension,Cardiovascular,Critical,2026-06-06
D000976,S72.001,Fracture of femoral head,Musculoskeletal,Critical,2026-06-06
D000977,I10,Essential hypertension,Cardiovascular,Critical,2026-06-06
D000978,S72.001,Fracture of femoral head,Musculoskeletal,High,2026-06-06
D000979,J18.9,Pneumonia unspecified,Respiratory,Critical,2026-06-06
D000980,I21.0,ST elevation myocardial infarction,Cardiovascular,Low,2026-06-06
D000981,A41.9,Sepsis unspecified,Infectious,Critical,2026-06-06
D000982,I50.9,Heart failure unspecified,Cardiovascular,Low,2026-06-06
D000983,I10,Essential hypertension,Cardiovascular,High,2026-06-06
D000984,F32.9,Major depressive disorder single episode,Mental Health,Medium,2026-06-06
D000985,S72.001,Fracture of femoral head,Musculoskeletal,High,2026-06-06
D000986,K57.30,Diverticulosis of large intestine,Gastrointestinal,Low,2026-06-06
D000987,E11.65,Type 2 diabetes with hyperglycemia,Endocrine,Critical,2026-06-06
D000988,K92.1,Melena,Gastrointestinal,Critical,2026-06-06
D000989,K57.30,Diverticulosis of large intestine,Gastrointestinal,Critical,2026-06-06
D000990,J18.9,Pneumonia unspecified,Respiratory,Low,2026-06-06
D000991,E11.65,Type 2 diabetes with hyperglycemia,Endocrine,Low,2026-06-06
D000992,K92.1,Melena,Gastrointestinal,High,2026-06-06
D000993,N39.0,Urinary tract infection,Renal,High,2026-06-06
D000994,J18.9,Pneumonia unspecified,Respiratory,Low,2026-06-06
D000995,J96.00,Acute respiratory failure unspecified,Respiratory,Critical,2026-06-06
D000996,J44.1,COPD with acute exacerbation,Respiratory,Critical,2026-06-06
D000997,J18.9,Pneumonia unspecified,Respiratory,High,2026-06-06
D000998,G43.909,Migraine unspecified,Neurological,Medium,2026-06-06
D000999,E11.9,Type 2 diabetes without complications,Endocrine,Low,2026-06-06
D001000,A41.9,Sepsis unspecified,Infectious,Medium,2026-06-06
D001001,S72.001,Fracture of femoral head,Musculoskeletal,Medium,2026-06-06
D001002,K92.1,Melena,Gastrointestinal,Low,2026-06-06
D001003,B97.29,Other coronavirus as cause of disease,Infectious,Low,2026-06-06
D001004,G35,Multiple sclerosis,Neurological,Low,2026-06-06
D001005,S72.001,Fracture of femoral head,Musculoskeletal,Critical,2026-06-06
D001006,G35,Multiple sclerosis,Neurological,Medium,2026-06-06
D001007,M79.3,Panniculitis,Musculoskeletal,Low,2026-06-06
D001008,F32.9,Major depressive disorder single episode,Mental Health,Low,2026-06-06
D001009,F41.1,Generalized anxiety disorder,Mental Health,Critical,2026-06-06
D001010,G35,Multiple sclerosis,Neurological,Critical,2026-06-06
D001011,F32.9,Major depressive disorder single episode,Mental Health,Medium,2026-06-06
D001012,G35,Multiple sclerosis,Neurological,Medium,2026-06-06
D001013,J44.1,COPD with acute exacerbation,Respiratory,Low,2026-06-06
D001014,A41.9,Sepsis unspecified,Infectious,High,2026-06-06
D001015,F32.9,Major depressive disorder single episode,Mental Health,Critical,2026-06-06
D001016,B97.29,Other coronavirus as cause of disease,Infectious,Medium,2026-06-06
D001017,N18.3,Chronic kidney disease stage 3,Renal,Critical,2026-06-06
D001018,K92.1,Melena,Gastrointestinal,High,2026-06-06
D001019,S72.001,Fracture of femoral head,Musculoskeletal,Medium,2026-06-06
D001020,J44.1,COPD with acute exacerbation,Respiratory,Critical,2026-06-06
D001021,G43.909,Migraine unspecified,Neurological,High,2026-06-06
D001022,F41.1,Generalized anxiety disorder,Mental Health,High,2026-06-06
D001023,F41.1,Generalized anxiety disorder,Mental Health,Medium,2026-06-06
D001024,E11.9,Type 2 diabetes without complications,Endocrine,Medium,2026-06-06
D001025,G43.909,Migraine unspecified,Neurological,High,2026-06-06
D001026,K57.30,Diverticulosis of large intestine,Gastrointestinal,Medium,2026-06-06
D001027,J96.00,Acute respiratory failure unspecified,Respiratory,High,2026-06-06
D001028,J18.9,Pneumonia unspecified,Respiratory,High,2026-06-06
D001029,F41.1,Generalized anxiety disorder,Mental Health,Critical,2026-06-06
D001030,G35,Multiple sclerosis,Neurological,Critical,2026-06-06
D001031,F41.1,Generalized anxiety disorder,Mental Health,High,2026-06-06
D001032,B97.29,Other coronavirus as cause of disease,Infectious,Low,2026-06-06
D001033,F32.9,Major depressive disorder single episode,Mental Health,Low,2026-06-06
D001034,I21.0,ST elevation myocardial infarction,Cardiovascular,Critical,2026-06-06
D001035,J44.1,COPD with acute exacerbation,Respiratory,Low,2026-06-06
D001036,I50.9,Heart failure unspecified,Cardiovascular,Medium,2026-06-06
D001037,N18.3,Chronic kidney disease stage 3,Renal,Medium,2026-06-06
D001038,N39.0,Urinary tract infection,Renal,High,2026-06-06
D001039,J44.1,COPD with acute exacerbation,Respiratory,Low,2026-06-06
D001040,N39.0,Urinary tract infection,Renal,Medium,2026-06-06
D001041,F41.1,Generalized anxiety disorder,Mental Health,Low,2026-06-06
D001042,K57.30,Diverticulosis of large intestine,Gastrointestinal,Critical,2026-06-06
D001043,J18.9,Pneumonia unspecified,Respiratory,Medium,2026-06-06
D001044,F41.1,Generalized anxiety disorder,Mental Health,Critical,2026-06-06
D001045,E11.65,Type 2 diabetes with hyperglycemia,Endocrine,High,2026-06-06
D001046,I50.9,Heart failure unspecified,Cardiovascular,Critical,2026-06-06
D001047,A41.9,Sepsis unspecified,Infectious,Critical,2026-06-06
D001048,K92.1,Melena,Gastrointestinal,Low,2026-06-06
D001049,I21.0,ST elevation myocardial infarction,Cardiovascular,High,2026-06-06
D001050,E11.9,Type 2 diabetes without complications,Endocrine,Critical,2026-06-06
D001051,E11.65,Type 2 diabetes with hyperglycemia,Endocrine,High,2026-06-06
D001052,G35,Multiple sclerosis,Neurological,Medium,2026-06-06
D001053,E11.9,Type 2 diabetes without complications,Endocrine,High,2026-06-06
D001054,S72.001,Fracture of femoral head,Musculoskeletal,Medium,2026-06-06
D001055,I10,Essential hypertension,Cardiovascular,Medium,2026-06-06
D001056,J96.00,Acute respiratory failure unspecified,Respiratory,Low,2026-06-06
D001057,A41.9,Sepsis unspecified,Infectious,Low,2026-06-06
D001058,B97.29,Other coronavirus as cause of disease,Infectious,High,2026-06-06
D001059,F41.1,Generalized anxiety disorder,Mental Health,High,2026-06-06
D001060,J44.1,COPD with acute exacerbation,Respiratory,Medium,2026-06-06
D001061,G35,Multiple sclerosis,Neurological,High,2026-06-06
D001062,I21.0,ST elevation myocardial infarction,Cardiovascular,High,2026-06-06
D001063,S72.001,Fracture of femoral head,Musculoskeletal,Medium,2026-06-06
D001064,I50.9,Heart failure unspecified,Cardiovascular,Medium,2026-06-06
D001065,K92.1,Melena,Gastrointestinal,Low,2026-06-06
D001066,G43.909,Migraine unspecified,Neurological,High,2026-06-06
D001067,M79.3,Panniculitis,Musculoskeletal,High,2026-06-06
D001068,I10,Essential hypertension,Cardiovascular,High,2026-06-06
D001069,F32.9,Major depressive disorder single episode,Mental Health,Medium,2026-06-06
D001070,J96.00,Acute respiratory failure unspecified,Respiratory,Low,2026-06-06
D001071,F32.9,Major depressive disorder single episode,Mental Health,Medium,2026-06-06
D001072,B97.29,Other coronavirus as cause of disease,Infectious,Critical,2026-06-06
D001073,I10,Essential hypertension,Cardiovascular,High,2026-06-06
D001074,E11.65,Type 2 diabetes with hyperglycemia,Endocrine,Medium,2026-06-06
D001075,K92.1,Melena,Gastrointestinal,High,2026-06-06
D001076,K57.30,Diverticulosis of large intestine,Gastrointestinal,High,2026-06-06
D001077,E11.9,Type 2 diabetes without complications,Endocrine,Critical,2026-06-06
D001078,F41.1,Generalized anxiety disorder,Mental Health,Low,2026-06-06
D001079,J18.9,Pneumonia unspecified,Respiratory,High,2026-06-06
D001080,S72.001,Fracture of femoral head,Musculoskeletal,Medium,2026-06-06
D001081,G43.909,Migraine unspecified,Neurological,Medium,2026-06-06
D001082,I50.9,Heart failure unspecified,Cardiovascular,High,2026-06-06
D001083,A41.9,Sepsis unspecified,Infectious,Low,2026-06-06
D001084,A41.9,Sepsis unspecified,Infectious,High,2026-06-06
D001085,F41.1,Generalized anxiety disorder,Mental Health,High,2026-06-06
D001086,I21.0,ST elevation myocardial infarction,Cardiovascular,High,2026-06-06
D001087,F32.9,Major depressive disorder single episode,Mental Health,Critical,2026-06-06
D001088,M79.3,Panniculitis,Musculoskeletal,Low,2026-06-06
D001089,N39.0,Urinary tract infection,Renal,Medium,2026-06-06
D001090,K92.1,Melena,Gastrointestinal,Low,2026-06-06
D001091,J18.9,Pneumonia unspecified,Respiratory,Medium,2026-06-06
D001092,F41.1,Generalized anxiety disorder,Mental Health,Low,2026-06-06
D001093,I10,Essential hypertension,Cardiovascular,Medium,2026-06-06
D001094,E11.9,Type 2 diabetes without complications,Endocrine,Critical,2026-06-06
D001095,J18.9,Pneumonia unspecified,Respiratory,Medium,2026-06-06
D001096,F41.1,Generalized anxiety disorder,Mental Health,Critical,2026-06-06
D001097,I10,Essential hypertension,Cardiovascular,Medium,2026-06-06
D001098,I21.0,ST elevation myocardial infarction,Cardiovascular,Critical,2026-06-06
D001099,K92.1,Melena,Gastrointestinal,Low,2026-06-06
D001100,I10,Essential hypertension,Cardiovascular,Low,2026-06-06
D001101,I50.9,Heart failure unspecified,Cardiovascular,Medium,2026-06-06
D001102,N18.3,Chronic kidney disease stage 3,Renal,Low,2026-06-06
D001103,G35,Multiple sclerosis,Neurological,Medium,2026-06-06
D001104,N18.3,Chronic kidney disease stage 3,Renal,Critical,2026-06-06
D001105,A41.9,Sepsis unspecified,Infectious,Critical,2026-06-06
D001106,A41.9,Sepsis unspecified,Infectious,Critical,2026-06-06
D001107,K92.1,Melena,Gastrointestinal,Low,2026-06-06
D001108,A41.9,Sepsis unspecified,Infectious,Low,2026-06-06
D001109,F41.1,Generalized anxiety disorder,Mental Health,Low,2026-06-06
D001110,G43.909,Migraine unspecified,Neurological,Low,2026-06-06
D001111,G35,Multiple sclerosis,Neurological,Low,2026-06-06
D001112,I10,Essential hypertension,Cardiovascular,High,2026-06-06
D001113,F32.9,Major depressive disorder single episode,Mental Health,Low,2026-06-06
D001114,N39.0,Urinary tract infection,Renal,High,2026-06-06
D001115,G43.909,Migraine unspecified,Neurological,Low,2026-06-06
D001116,N39.0,Urinary tract infection,Renal,Critical,2026-06-06
D001117,A41.9,Sepsis unspecified,Infectious,Critical,2026-06-06
D001118,I21.0,ST elevation myocardial infarction,Cardiovascular,Critical,2026-06-06
D001119,J96.00,Acute respiratory failure unspecified,Respiratory,Medium,2026-06-06
D001120,J44.1,COPD with acute exacerbation,Respiratory,Critical,2026-06-06
D001121,F41.1,Generalized anxiety disorder,Mental Health,High,2026-06-06
D001122,J44.1,COPD with acute exacerbation,Respiratory,High,2026-06-06
D001123,K57.30,Diverticulosis of large intestine,Gastrointestinal,Low,2026-06-06
D001124,F41.1,Generalized anxiety disorder,Mental Health,Medium,2026-06-06
D001125,J18.9,Pneumonia unspecified,Respiratory,Low,2026-06-06
D001126,I21.0,ST elevation myocardial infarction,Cardiovascular,Critical,2026-06-06
D001127,F41.1,Generalized anxiety disorder,Mental Health,Low,2026-06-06
D001128,N39.0,Urinary tract infection,Renal,Medium,2026-06-06
D001129,K57.30,Diverticulosis of large intestine,Gastrointestinal,Medium,2026-06-06
D001130,B97.29,Other coronavirus as cause of disease,Infectious,Medium,2026-06-06
D001131,J96.00,Acute respiratory failure unspecified,Respiratory,Medium,2026-06-06
D001132,E11.65,Type 2 diabetes with hyperglycemia,Endocrine,High,2026-06-06
D001133,E11.9,Type 2 diabetes without complications,Endocrine,Low,2026-06-06
D001134,J96.00,Acute respiratory failure unspecified,Respiratory,Low,2026-06-06
D001135,F41.1,Generalized anxiety disorder,Mental Health,Critical,2026-06-06
D001136,F41.1,Generalized anxiety disorder,Mental Health,Low,2026-06-06
D001137,N39.0,Urinary tract infection,Renal,Low,2026-06-06
D001138,N18.3,Chronic kidney disease stage 3,Renal,Low,2026-06-06
D001139,E11.9,Type 2 diabetes without complications,Endocrine,Critical,2026-06-06
D001140,K92.1,Melena,Gastrointestinal,High,2026-06-06
D001141,J44.1,COPD with acute exacerbation,Respiratory,Medium,2026-06-06
D001142,J18.9,Pneumonia unspecified,Respiratory,High,2026-06-06
D001143,G43.909,Migraine unspecified,Neurological,Low,2026-06-06
D001144,E11.9,Type 2 diabetes without complications,Endocrine,High,2026-06-06
D001145,M79.3,Panniculitis,Musculoskeletal,Critical,2026-06-06
D001146,K92.1,Melena,Gastrointestinal,High,2026-06-06
D001147,G35,Multiple sclerosis,Neurological,Medium,2026-06-06
D001148,G35,Multiple sclerosis,Neurological,High,2026-06-06
D001149,K92.1,Melena,Gastrointestinal,Critical,2026-06-06
D001150,J96.00,Acute respiratory failure unspecified,Respiratory,Low,2026-06-06
D001151,K92.1,Melena,Gastrointestinal,Medium,2026-06-06
D001152,E11.65,Type 2 diabetes with hyperglycemia,Endocrine,Critical,2026-06-06
D001153,N18.3,Chronic kidney disease stage 3,Renal,High,2026-06-06
D001154,J44.1,COPD with acute exacerbation,Respiratory,High,2026-06-06
D001155,M79.3,Panniculitis,Musculoskeletal,Critical,2026-06-06
D001156,S72.001,Fracture of femoral head,Musculoskeletal,High,2026-06-06
D001157,N39.0,Urinary tract infection,Renal,Critical,2026-06-06
D001158,F41.1,Generalized anxiety disorder,Mental Health,Low,2026-06-06
D001159,J96.00,Acute respiratory failure unspecified,Respiratory,Low,2026-06-06
D001160,N18.3,Chronic kidney disease stage 3,Renal,Medium,2026-06-06
D001161,F41.1,Generalized anxiety disorder,Mental Health,Medium,2026-06-06
D001162,N18.3,Chronic kidney disease stage 3,Renal,Low,2026-06-06
D001163,I10,Essential hypertension,Cardiovascular,Low,2026-06-06
D001164,F32.9,Major depressive disorder single episode,Mental Health,Low,2026-06-06
D001165,G35,Multiple sclerosis,Neurological,Critical,2026-06-06
D001166,G35,Multiple sclerosis,Neurological,Medium,2026-06-06
D001167,I50.9,Heart failure unspecified,Cardiovascular,High,2026-06-06
D001168,F41.1,Generalized anxiety disorder,Mental Health,Critical,2026-06-06
D001169,J44.1,COPD with acute exacerbation,Respiratory,High,2026-06-06
D001170,A41.9,Sepsis unspecified,Infectious,Medium,2026-06-06
D001171,G35,Multiple sclerosis,Neurological,High,2026-06-06
D001172,J44.1,COPD with acute exacerbation,Respiratory,Critical,2026-06-06
D001173,F32.9,Major depressive disorder single episode,Mental Health,Low,2026-06-06
D001174,A41.9,Sepsis unspecified,Infectious,High,2026-06-06
D001175,F32.9,Major depressive disorder single episode,Mental Health,Low,2026-06-06
D001176,E11.65,Type 2 diabetes with hyperglycemia,Endocrine,Medium,2026-06-06
D001177,F32.9,Major depressive disorder single episode,Mental Health,Medium,2026-06-06
D001178,S72.001,Fracture of femoral head,Musculoskeletal,Medium,2026-06-06
D001179,J96.00,Acute respiratory failure unspecified,Respiratory,Medium,2026-06-06
D001180,M79.3,Panniculitis,Musculoskeletal,High,2026-06-06
D001181,I50.9,Heart failure unspecified,Cardiovascular,Medium,2026-06-06
D001182,M79.3,Panniculitis,Musculoskeletal,Medium,2026-06-06
D001183,I10,Essential hypertension,Cardiovascular,High,2026-06-06
D001184,K57.30,Diverticulosis of large intestine,Gastrointestinal,Medium,2026-06-06
D001185,I50.9,Heart failure unspecified,Cardiovascular,Medium,2026-06-06
D001186,F32.9,Major depressive disorder single episode,Mental Health,High,2026-06-06
D001187,A41.9,Sepsis unspecified,Infectious,Critical,2026-06-06
D001188,S72.001,Fracture of femoral head,Musculoskeletal,Low,2026-06-06
D001189,I50.9,Heart failure unspecified,Cardiovascular,High,2026-06-06
D001190,J18.9,Pneumonia unspecified,Respiratory,High,2026-06-06
D001191,N18.3,Chronic kidney disease stage 3,Renal,Medium,2026-06-06
D001192,A41.9,Sepsis unspecified,Infectious,Critical,2026-06-06
D001193,K57.30,Diverticulosis of large intestine,Gastrointestinal,Low,2026-06-06
D001194,F32.9,Major depressive disorder single episode,Mental Health,High,2026-06-06
D001195,A41.9,Sepsis unspecified,Infectious,Medium,2026-06-06
D001196,F32.9,Major depressive disorder single episode,Mental Health,Critical,2026-06-06
D001197,K57.30,Diverticulosis of large intestine,Gastrointestinal,High,2026-06-06
D001198,M79.3,Panniculitis,Musculoskeletal,Critical,2026-06-06
D001199,G43.909,Migraine unspecified,Neurological,Low,2026-06-06
D001200,F32.9,Major depressive disorder single episode,Mental Health,Medium,2026-06-06
D001201,S72.001,Fracture of femoral head,Musculoskeletal,Medium,2026-06-06
D001202,E11.65,Type 2 diabetes with hyperglycemia,Endocrine,Low,2026-06-06
D001203,F32.9,Major depressive disorder single episode,Mental Health,High,2026-06-06
D001204,E11.9,Type 2 diabetes without complications,Endocrine,Medium,2026-06-06
D001205,J96.00,Acute respiratory failure unspecified,Respiratory,Medium,2026-06-06
D001206,K57.30,Diverticulosis of large intestine,Gastrointestinal,Low,2026-06-06
D001207,E11.65,Type 2 diabetes with hyperglycemia,Endocrine,Critical,2026-06-06
D001208,K92.1,Melena,Gastrointestinal,Low,2026-06-06
D001209,M79.3,Panniculitis,Musculoskeletal,Critical,2026-06-06
D001210,M79.3,Panniculitis,Musculoskeletal,Medium,2026-06-06
D001211,G35,Multiple sclerosis,Neurological,Medium,2026-06-06
D001212,B97.29,Other coronavirus as cause of disease,Infectious,Low,2026-06-06
D001213,E11.65,Type 2 diabetes with hyperglycemia,Endocrine,Low,2026-06-06
D001214,J44.1,COPD with acute exacerbation,Respiratory,Medium,2026-06-06
D001215,J44.1,COPD with acute exacerbation,Respiratory,Low,2026-06-06
D001216,G35,Multiple sclerosis,Neurological,Medium,2026-06-06
D001217,I50.9,Heart failure unspecified,Cardiovascular,Medium,2026-06-06
D001218,N18.3,Chronic kidney disease stage 3,Renal,Medium,2026-06-06
D001219,F32.9,Major depressive disorder single episode,Mental Health,Critical,2026-06-06
D001220,G43.909,Migraine unspecified,Neurological,Low,2026-06-06
D001221,N39.0,Urinary tract infection,Renal,Low,2026-06-06
D001222,E11.9,Type 2 diabetes without complications,Endocrine,Critical,2026-06-06
D001223,G43.909,Migraine unspecified,Neurological,Critical,2026-06-06
D001224,M79.3,Panniculitis,Musculoskeletal,Medium,2026-06-06
D001225,E11.65,Type 2 diabetes with hyperglycemia,Endocrine,Critical,2026-06-06
D001226,G43.909,Migraine unspecified,Neurological,Medium,2026-06-06
D001227,G35,Multiple sclerosis,Neurological,Medium,2026-06-06
D001228,G43.909,Migraine unspecified,Neurological,High,2026-06-06
D001229,J96.00,Acute respiratory failure unspecified,Respiratory,High,2026-06-06
D001230,S72.001,Fracture of femoral head,Musculoskeletal,Low,2026-06-06
D001231,E11.65,Type 2 diabetes with hyperglycemia,Endocrine,Critical,2026-06-06
D001232,A41.9,Sepsis unspecified,Infectious,Medium,2026-06-06
D001233,J18.9,Pneumonia unspecified,Respiratory,Low,2026-06-06
D001234,E11.9,Type 2 diabetes without complications,Endocrine,Critical,2026-06-06
D001235,J44.1,COPD with acute exacerbation,Respiratory,Low,2026-06-06
D001236,J96.00,Acute respiratory failure unspecified,Respiratory,Critical,2026-06-06
D001237,G43.909,Migraine unspecified,Neurological,Low,2026-06-06
D001238,F41.1,Generalized anxiety disorder,Mental Health,Low,2026-06-06
D001239,I10,Essential hypertension,Cardiovascular,Critical,2026-06-06
D001240,J44.1,COPD with acute exacerbation,Respiratory,Low,2026-06-06
D001241,B97.29,Other coronavirus as cause of disease,Infectious,Critical,2026-06-06
D001242,K57.30,Diverticulosis of large intestine,Gastrointestinal,Low,2026-06-06
D001243,F32.9,Major depressive disorder single episode,Mental Health,Critical,2026-06-06
D001244,E11.65,Type 2 diabetes with hyperglycemia,Endocrine,Critical,2026-06-06
D001245,A41.9,Sepsis unspecified,Infectious,High,2026-06-06
D001246,G35,Multiple sclerosis,Neurological,Low,2026-06-06
D001247,B97.29,Other coronavirus as cause of disease,Infectious,Medium,2026-06-06
D001248,N18.3,Chronic kidney disease stage 3,Renal,Critical,2026-06-06
D001249,E11.65,Type 2 diabetes with hyperglycemia,Endocrine,Low,2026-06-06
D001250,N39.0,Urinary tract infection,Renal,Critical,2026-06-06
D001251,N18.3,Chronic kidney disease stage 3,Renal,Medium,2026-06-06
D001252,I21.0,ST elevation myocardial infarction,Cardiovascular,Low,2026-06-06
D001253,G35,Multiple sclerosis,Neurological,Low,2026-06-06
D001254,F32.9,Major depressive disorder single episode,Mental Health,Low,2026-06-06
D001255,A41.9,Sepsis unspecified,Infectious,Medium,2026-06-06
D001256,K92.1,Melena,Gastrointestinal,Critical,2026-06-06
D001257,K57.30,Diverticulosis of large intestine,Gastrointestinal,Low,2026-06-06
D001258,J44.1,COPD with acute exacerbation,Respiratory,Critical,2026-06-06
D001259,G35,Multiple sclerosis,Neurological,High,2026-06-06
D001260,N18.3,Chronic kidney disease stage 3,Renal,Critical,2026-06-06
D001261,G35,Multiple sclerosis,Neurological,High,2026-06-06
D001262,G43.909,Migraine unspecified,Neurological,High,2026-06-06
D001263,A41.9,Sepsis unspecified,Infectious,Medium,2026-06-06
D001264,B97.29,Other coronavirus as cause of disease,Infectious,Critical,2026-06-06
D001265,J96.00,Acute respiratory failure unspecified,Respiratory,High,2026-06-06
D001266,F41.1,Generalized anxiety disorder,Mental Health,Critical,2026-06-06
D001267,N18.3,Chronic kidney disease stage 3,Renal,High,2026-06-06
D001268,G35,Multiple sclerosis,Neurological,High,2026-06-06
D001269,A41.9,Sepsis unspecified,Infectious,Medium,2026-06-06
D001270,J18.9,Pneumonia unspecified,Respiratory,Medium,2026-06-06
D001271,S72.001,Fracture of femoral head,Musculoskeletal,Medium,2026-06-06
D001272,J18.9,Pneumonia unspecified,Respiratory,Medium,2026-06-06
D001273,F32.9,Major depressive disorder single episode,Mental Health,Critical,2026-06-06
D001274,K92.1,Melena,Gastrointestinal,Low,2026-06-06
D001275,J96.00,Acute respiratory failure unspecified,Respiratory,Critical,2026-06-06
D001276,I21.0,ST elevation myocardial infarction,Cardiovascular,Low,2026-06-06
D001277,J44.1,COPD with acute exacerbation,Respiratory,Critical,2026-06-06
D001278,G43.909,Migraine unspecified,Neurological,Critical,2026-06-06
D001279,I10,Essential hypertension,Cardiovascular,Low,2026-06-06
D001280,N18.3,Chronic kidney disease stage 3,Renal,Medium,2026-06-06
D001281,K57.30,Diverticulosis of large intestine,Gastrointestinal,Low,2026-06-06
D001282,G43.909,Migraine unspecified,Neurological,Low,2026-06-06
D001283,A41.9,Sepsis unspecified,Infectious,Critical,2026-06-06
D001284,G43.909,Migraine unspecified,Neurological,High,2026-06-06
D001285,G43.909,Migraine unspecified,Neurological,Low,2026-06-06
D001286,J96.00,Acute respiratory failure unspecified,Respiratory,Critical,2026-06-06
D001287,S72.001,Fracture of femoral head,Musculoskeletal,Low,2026-06-06
D001288,E11.9,Type 2 diabetes without complications,Endocrine,High,2026-06-06
D001289,E11.9,Type 2 diabetes without complications,Endocrine,Low,2026-06-06
D001290,G43.909,Migraine unspecified,Neurological,Medium,2026-06-06
D001291,G43.909,Migraine unspecified,Neurological,Medium,2026-06-06
D001292,I50.9,Heart failure unspecified,Cardiovascular,High,2026-06-06
D001293,E11.65,Type 2 diabetes with hyperglycemia,Endocrine,Low,2026-06-06
D001294,J96.00,Acute respiratory failure unspecified,Respiratory,Low,2026-06-06
D001295,N18.3,Chronic kidney disease stage 3,Renal,Critical,2026-06-06
D001296,K57.30,Diverticulosis of large intestine,Gastrointestinal,Critical,2026-06-06
D001297,A41.9,Sepsis unspecified,Infectious,Medium,2026-06-06
D001298,F32.9,Major depressive disorder single episode,Mental Health,Low,2026-06-06
D001299,I10,Essential hypertension,Cardiovascular,Low,2026-06-06
D001300,F41.1,Generalized anxiety disorder,Mental Health,High,2026-06-06
D001301,F41.1,Generalized anxiety disorder,Mental Health,High,2026-06-06
D001302,K57.30,Diverticulosis of large intestine,Gastrointestinal,High,2026-06-06
D001303,E11.65,Type 2 diabetes with hyperglycemia,Endocrine,Medium,2026-06-06
D001304,S72.001,Fracture of femoral head,Musculoskeletal,Critical,2026-06-06
D001305,G35,Multiple sclerosis,Neurological,Low,2026-06-06
D001306,N18.3,Chronic kidney disease stage 3,Renal,Medium,2026-06-06
D001307,B97.29,Other coronavirus as cause of disease,Infectious,Low,2026-06-06
D001308,F41.1,Generalized anxiety disorder,Mental Health,Low,2026-06-06
D001309,F32.9,Major depressive disorder single episode,Mental Health,High,2026-06-06
D001310,K92.1,Melena,Gastrointestinal,Low,2026-06-06
D001311,F32.9,Major depressive disorder single episode,Mental Health,High,2026-06-06
D001312,F41.1,Generalized anxiety disorder,Mental Health,High,2026-06-06
D001313,S72.001,Fracture of femoral head,Musculoskeletal,Critical,2026-06-06
D001314,G35,Multiple sclerosis,Neurological,Critical,2026-06-06
D001315,E11.65,Type 2 diabetes with hyperglycemia,Endocrine,High,2026-06-06
D001316,S72.001,Fracture of femoral head,Musculoskeletal,Critical,2026-06-06
D001317,G35,Multiple sclerosis,Neurological,Low,2026-06-06
D001318,M79.3,Panniculitis,Musculoskeletal,Low,2026-06-06
D001319,N18.3,Chronic kidney disease stage 3,Renal,Low,2026-06-06
D001320,A41.9,Sepsis unspecified,Infectious,Medium,2026-06-06
D001321,E11.65,Type 2 diabetes with hyperglycemia,Endocrine,High,2026-06-06
D001322,B97.29,Other coronavirus as cause of disease,Infectious,High,2026-06-06
D001323,F32.9,Major depressive disorder single episode,Mental Health,Low,2026-06-06
D001324,N18.3,Chronic kidney disease stage 3,Renal,Medium,2026-06-06
D001325,N39.0,Urinary tract infection,Renal,Low,2026-06-06
D001326,A41.9,Sepsis unspecified,Infectious,High,2026-06-06
D001327,I10,Essential hypertension,Cardiovascular,Medium,2026-06-06
D001328,M79.3,Panniculitis,Musculoskeletal,High,2026-06-06
D001329,K57.30,Diverticulosis of large intestine,Gastrointestinal,Medium,2026-06-06
D001330,G35,Multiple sclerosis,Neurological,High,2026-06-06
D001331,J96.00,Acute respiratory failure unspecified,Respiratory,Medium,2026-06-06
D001332,M79.3,Panniculitis,Musculoskeletal,Medium,2026-06-06
D001333,E11.65,Type 2 diabetes with hyperglycemia,Endocrine,Medium,2026-06-06
D001334,N18.3,Chronic kidney disease stage 3,Renal,Medium,2026-06-06
D001335,E11.65,Type 2 diabetes with hyperglycemia,Endocrine,Medium,2026-06-06
D001336,E11.65,Type 2 diabetes with hyperglycemia,Endocrine,High,2026-06-06
D001337,J44.1,COPD with acute exacerbation,Respiratory,Low,2026-06-06
D001338,J18.9,Pneumonia unspecified,Respiratory,Low,2026-06-06
D001339,M79.3,Panniculitis,Musculoskeletal,Low,2026-06-06
D001340,F41.1,Generalized anxiety disorder,Mental Health,Low,2026-06-06
D001341,M79.3,Panniculitis,Musculoskeletal,High,2026-06-06
D001342,G43.909,Migraine unspecified,Neurological,High,2026-06-06
D001343,M79.3,Panniculitis,Musculoskeletal,High,2026-06-06
D001344,M79.3,Panniculitis,Musculoskeletal,Medium,2026-06-06
D001345,F32.9,Major depressive disorder single episode,Mental Health,High,2026-06-06
D001346,A41.9,Sepsis unspecified,Infectious,Medium,2026-06-06
D001347,G35,Multiple sclerosis,Neurological,Medium,2026-06-06
D001348,I50.9,Heart failure unspecified,Cardiovascular,Critical,2026-06-06
D001349,M79.3,Panniculitis,Musculoskeletal,Low,2026-06-06
D001350,F32.9,Major depressive disorder single episode,Mental Health,High,2026-06-06
D001351,A41.9,Sepsis unspecified,Infectious,Medium,2026-06-06
D001352,S72.001,Fracture of femoral head,Musculoskeletal,Low,2026-06-06
D001353,F32.9,Major depressive disorder single episode,Mental Health,Critical,2026-06-06
D001354,K92.1,Melena,Gastrointestinal,Low,2026-06-06
D001355,I21.0,ST elevation myocardial infarction,Cardiovascular,Medium,2026-06-06
D001356,A41.9,Sepsis unspecified,Infectious,Low,2026-06-06
D001357,K92.1,Melena,Gastrointestinal,High,2026-06-06
D001358,G43.909,Migraine unspecified,Neurological,High,2026-06-06
D001359,J96.00,Acute respiratory failure unspecified,Respiratory,High,2026-06-06
D001360,E11.65,Type 2 diabetes with hyperglycemia,Endocrine,High,2026-06-06
D001361,M79.3,Panniculitis,Musculoskeletal,High,2026-06-06
D001362,K57.30,Diverticulosis of large intestine,Gastrointestinal,Medium,2026-06-06
D001363,M79.3,Panniculitis,Musculoskeletal,Critical,2026-06-06
D001364,E11.9,Type 2 diabetes without complications,Endocrine,Critical,2026-06-06
D001365,K57.30,Diverticulosis of large intestine,Gastrointestinal,High,2026-06-06
D001366,A41.9,Sepsis unspecified,Infectious,High,2026-06-06
D001367,S72.001,Fracture of femoral head,Musculoskeletal,Medium,2026-06-06
D001368,G35,Multiple sclerosis,Neurological,Medium,2026-06-06
D001369,G35,Multiple sclerosis,Neurological,Medium,2026-06-06
D001370,J18.9,Pneumonia unspecified,Respiratory,High,2026-06-06
D001371,E11.65,Type 2 diabetes with hyperglycemia,Endocrine,Critical,2026-06-06
D001372,A41.9,Sepsis unspecified,Infectious,Medium,2026-06-06
D001373,J44.1,COPD with acute exacerbation,Respiratory,Medium,2026-06-06
D001374,M79.3,Panniculitis,Musculoskeletal,Low,2026-06-06
D001375,J96.00,Acute respiratory failure unspecified,Respiratory,Critical,2026-06-06
D001376,M79.3,Panniculitis,Musculoskeletal,Medium,2026-06-06
D001377,F32.9,Major depressive disorder single episode,Mental Health,High,2026-06-06
D001378,M79.3,Panniculitis,Musculoskeletal,High,2026-06-06
D001379,N18.3,Chronic kidney disease stage 3,Renal,Low,2026-06-06
D001380,A41.9,Sepsis unspecified,Infectious,Low,2026-06-06
D001381,J96.00,Acute respiratory failure unspecified,Respiratory,Low,2026-06-06
D001382,E11.9,Type 2 diabetes without complications,Endocrine,High,2026-06-06
D001383,M79.3,Panniculitis,Musculoskeletal,Low,2026-06-06
D001384,S72.001,Fracture of femoral head,Musculoskeletal,High,2026-06-06
D001385,N18.3,Chronic kidney disease stage 3,Renal,High,2026-06-06
D001386,K57.30,Diverticulosis of large intestine,Gastrointestinal,High,2026-06-06
D001387,K57.30,Diverticulosis of large intestine,Gastrointestinal,Low,2026-06-06
D001388,B97.29,Other coronavirus as cause of disease,Infectious,Low,2026-06-06
D001389,K57.30,Diverticulosis of large intestine,Gastrointestinal,Medium,2026-06-06
D001390,G35,Multiple sclerosis,Neurological,Medium,2026-06-06
D001391,N39.0,Urinary tract infection,Renal,High,2026-06-06
D001392,K92.1,Melena,Gastrointestinal,Critical,2026-06-06
D001393,S72.001,Fracture of femoral head,Musculoskeletal,Low,2026-06-06
D001394,A41.9,Sepsis unspecified,Infectious,High,2026-06-06
D001395,S72.001,Fracture of femoral head,Musculoskeletal,Medium,2026-06-06
D001396,J96.00,Acute respiratory failure unspecified,Respiratory,High,2026-06-06
D001397,B97.29,Other coronavirus as cause of disease,Infectious,Critical,2026-06-06
D001398,I10,Essential hypertension,Cardiovascular,Low,2026-06-06
D001399,J96.00,Acute respiratory failure unspecified,Respiratory,High,2026-06-06
D001400,E11.65,Type 2 diabetes with hyperglycemia,Endocrine,High,2026-06-06
D001401,K92.1,Melena,Gastrointestinal,High,2026-06-06
D001402,N18.3,Chronic kidney disease stage 3,Renal,Critical,2026-06-06
D001403,N18.3,Chronic kidney disease stage 3,Renal,Critical,2026-06-06
D001404,K57.30,Diverticulosis of large intestine,Gastrointestinal,Critical,2026-06-06
D001405,B97.29,Other coronavirus as cause of disease,Infectious,Medium,2026-06-06
D001406,J96.00,Acute respiratory failure unspecified,Respiratory,Low,2026-06-06
D001407,J44.1,COPD with acute exacerbation,Respiratory,Medium,2026-06-06
D001408,N18.3,Chronic kidney disease stage 3,Renal,Low,2026-06-06
D001409,E11.9,Type 2 diabetes without complications,Endocrine,Medium,2026-06-06
D001410,A41.9,Sepsis unspecified,Infectious,Low,2026-06-06
D001411,J18.9,Pneumonia unspecified,Respiratory,Low,2026-06-06
D001412,M79.3,Panniculitis,Musculoskeletal,Low,2026-06-06
D001413,I21.0,ST elevation myocardial infarction,Cardiovascular,Critical,2026-06-06
D001414,F32.9,Major depressive disorder single episode,Mental Health,Low,2026-06-06
D001415,J18.9,Pneumonia unspecified,Respiratory,High,2026-06-06
D001416,G43.909,Migraine unspecified,Neurological,Medium,2026-06-06
D001417,I10,Essential hypertension,Cardiovascular,Critical,2026-06-06
D001418,N39.0,Urinary tract infection,Renal,Medium,2026-06-06
D001419,E11.65,Type 2 diabetes with hyperglycemia,Endocrine,High,2026-06-06
D001420,S72.001,Fracture of femoral head,Musculoskeletal,Medium,2026-06-06
D001421,J44.1,COPD with acute exacerbation,Respiratory,Medium,2026-06-06
D001422,I21.0,ST elevation myocardial infarction,Cardiovascular,Low,2026-06-06
D001423,K57.30,Diverticulosis of large intestine,Gastrointestinal,High,2026-06-06
D001424,M79.3,Panniculitis,Musculoskeletal,Critical,2026-06-06
D001425,F41.1,Generalized anxiety disorder,Mental Health,High,2026-06-06
D001426,F41.1,Generalized anxiety disorder,Mental Health,Critical,2026-06-06
D001427,J44.1,COPD with acute exacerbation,Respiratory,Medium,2026-06-06
D001428,G35,Multiple sclerosis,Neurological,Critical,2026-06-06
D001429,G35,Multiple sclerosis,Neurological,Critical,2026-06-06
D001430,F32.9,Major depressive disorder single episode,Mental Health,High,2026-06-06
D001431,K57.30,Diverticulosis of large intestine,Gastrointestinal,Critical,2026-06-06
D001432,F41.1,Generalized anxiety disorder,Mental Health,Medium,2026-06-06
D001433,I10,Essential hypertension,Cardiovascular,Critical,2026-06-06
D001434,N39.0,Urinary tract infection,Renal,High,2026-06-06
D001435,B97.29,Other coronavirus as cause of disease,Infectious,High,2026-06-06
D001436,J44.1,COPD with acute exacerbation,Respiratory,High,2026-06-06
D001437,I21.0,ST elevation myocardial infarction,Cardiovascular,Low,2026-06-06
D001438,F32.9,Major depressive disorder single episode,Mental Health,Medium,2026-06-06
D001439,K57.30,Diverticulosis of large intestine,Gastrointestinal,High,2026-06-06
D001440,M79.3,Panniculitis,Musculoskeletal,Low,2026-06-06
D001441,M79.3,Panniculitis,Musculoskeletal,Critical,2026-06-06
D001442,N39.0,Urinary tract infection,Renal,Low,2026-06-06
D001443,B97.29,Other coronavirus as cause of disease,Infectious,High,2026-06-06
D001444,G43.909,Migraine unspecified,Neurological,Medium,2026-06-06
D001445,I21.0,ST elevation myocardial infarction,Cardiovascular,High,2026-06-06
D001446,E11.9,Type 2 diabetes without complications,Endocrine,Critical,2026-06-06
D001447,F41.1,Generalized anxiety disorder,Mental Health,Critical,2026-06-06
D001448,A41.9,Sepsis unspecified,Infectious,Medium,2026-06-06
D001449,J96.00,Acute respiratory failure unspecified,Respiratory,Critical,2026-06-06
D001450,A41.9,Sepsis unspecified,Infectious,Medium,2026-06-06
D001451,N18.3,Chronic kidney disease stage 3,Renal,Low,2026-06-06
D001452,B97.29,Other coronavirus as cause of disease,Infectious,Medium,2026-06-06
D001453,F32.9,Major depressive disorder single episode,Mental Health,High,2026-06-06
D001454,N39.0,Urinary tract infection,Renal,High,2026-06-06
D001455,B97.29,Other coronavirus as cause of disease,Infectious,Medium,2026-06-06
D001456,I10,Essential hypertension,Cardiovascular,Medium,2026-06-06
D001457,J44.1,COPD with acute exacerbation,Respiratory,High,2026-06-06
D001458,J18.9,Pneumonia unspecified,Respiratory,Critical,2026-06-06
D001459,G43.909,Migraine unspecified,Neurological,Critical,2026-06-06
D001460,N18.3,Chronic kidney disease stage 3,Renal,Critical,2026-06-06
D001461,E11.9,Type 2 diabetes without complications,Endocrine,High,2026-06-06
D001462,I21.0,ST elevation myocardial infarction,Cardiovascular,Medium,2026-06-06
D001463,I50.9,Heart failure unspecified,Cardiovascular,Low,2026-06-06
D001464,J96.00,Acute respiratory failure unspecified,Respiratory,Low,2026-06-06
D001465,N39.0,Urinary tract infection,Renal,High,2026-06-06
D001466,J44.1,COPD with acute exacerbation,Respiratory,Critical,2026-06-06
D001467,I21.0,ST elevation myocardial infarction,Cardiovascular,Medium,2026-06-06
D001468,I10,Essential hypertension,Cardiovascular,Medium,2026-06-06
D001469,I21.0,ST elevation myocardial infarction,Cardiovascular,Critical,2026-06-06
D001470,E11.9,Type 2 diabetes without complications,Endocrine,High,2026-06-06
D001471,B97.29,Other coronavirus as cause of disease,Infectious,High,2026-06-06
D001472,M79.3,Panniculitis,Musculoskeletal,High,2026-06-06
D001473,S72.001,Fracture of femoral head,Musculoskeletal,Low,2026-06-06
D001474,K92.1,Melena,Gastrointestinal,Low,2026-06-06
D001475,J44.1,COPD with acute exacerbation,Respiratory,Low,2026-06-06
D001476,N18.3,Chronic kidney disease stage 3,Renal,Critical,2026-06-06
D001477,I10,Essential hypertension,Cardiovascular,Critical,2026-06-06
D001478,J96.00,Acute respiratory failure unspecified,Respiratory,Medium,2026-06-06
D001479,N18.3,Chronic kidney disease stage 3,Renal,Critical,2026-06-06
D001480,I21.0,ST elevation myocardial infarction,Cardiovascular,Low,2026-06-06
D001481,E11.65,Type 2 diabetes with hyperglycemia,Endocrine,Critical,2026-06-06
D001482,S72.001,Fracture of femoral head,Musculoskeletal,Medium,2026-06-06
D001483,I50.9,Heart failure unspecified,Cardiovascular,Medium,2026-06-06
D001484,S72.001,Fracture of femoral head,Musculoskeletal,Low,2026-06-06
D001485,F32.9,Major depressive disorder single episode,Mental Health,Medium,2026-06-06
D001486,M79.3,Panniculitis,Musculoskeletal,Critical,2026-06-06
D001487,N39.0,Urinary tract infection,Renal,High,2026-06-06
D001488,J96.00,Acute respiratory failure unspecified,Respiratory,Low,2026-06-06
D001489,F41.1,Generalized anxiety disorder,Mental Health,Low,2026-06-06
D001490,N18.3,Chronic kidney disease stage 3,Renal,Critical,2026-06-06
D001491,N39.0,Urinary tract infection,Renal,Medium,2026-06-06
D001492,K57.30,Diverticulosis of large intestine,Gastrointestinal,Low,2026-06-06
D001493,E11.9,Type 2 diabetes without complications,Endocrine,Low,2026-06-06
D001494,E11.65,Type 2 diabetes with hyperglycemia,Endocrine,Critical,2026-06-06
D001495,K92.1,Melena,Gastrointestinal,Low,2026-06-06
D001496,J96.00,Acute respiratory failure unspecified,Respiratory,High,2026-06-06
D001497,G35,Multiple sclerosis,Neurological,Low,2026-06-06
D001498,A41.9,Sepsis unspecified,Infectious,Medium,2026-06-06
D001499,I21.0,ST elevation myocardial infarction,Cardiovascular,Low,2026-06-06
D001500,G35,Multiple sclerosis,Neurological,Critical,2026-06-06
D001501,G43.909,Migraine unspecified,Neurological,Medium,2026-06-06
D001502,K57.30,Diverticulosis of large intestine,Gastrointestinal,Low,2026-06-06
D001503,E11.65,Type 2 diabetes with hyperglycemia,Endocrine,Medium,2026-06-06
D001504,M79.3,Panniculitis,Musculoskeletal,Low,2026-06-06
D001505,G43.909,Migraine unspecified,Neurological,High,2026-06-06
D001506,I50.9,Heart failure unspecified,Cardiovascular,Low,2026-06-06
D001507,K57.30,Diverticulosis of large intestine,Gastrointestinal,Medium,2026-06-06
D001508,F41.1,Generalized anxiety disorder,Mental Health,Low,2026-06-06
D001509,J44.1,COPD with acute exacerbation,Respiratory,Critical,2026-06-06
D001510,E11.65,Type 2 diabetes with hyperglycemia,Endocrine,High,2026-06-06
D001511,F41.1,Generalized anxiety disorder,Mental Health,High,2026-06-06
D001512,S72.001,Fracture of femoral head,Musculoskeletal,Medium,2026-06-06
D001513,I21.0,ST elevation myocardial infarction,Cardiovascular,Critical,2026-06-06
D001514,K57.30,Diverticulosis of large intestine,Gastrointestinal,Medium,2026-06-06
D001515,N18.3,Chronic kidney disease stage 3,Renal,Low,2026-06-06
D001516,M79.3,Panniculitis,Musculoskeletal,Critical,2026-06-06
D001517,F41.1,Generalized anxiety disorder,Mental Health,High,2026-06-06
D001518,F41.1,Generalized anxiety disorder,Mental Health,Critical,2026-06-06
D001519,E11.9,Type 2 diabetes without complications,Endocrine,Medium,2026-06-06
D001520,F41.1,Generalized anxiety disorder,Mental Health,High,2026-06-06
D001521,K92.1,Melena,Gastrointestinal,Critical,2026-06-06
D001522,N18.3,Chronic kidney disease stage 3,Renal,Medium,2026-06-06
D001523,I10,Essential hypertension,Cardiovascular,Medium,2026-06-06
D001524,S72.001,Fracture of femoral head,Musculoskeletal,High,2026-06-06
D001525,N18.3,Chronic kidney disease stage 3,Renal,High,2026-06-06
D001526,S72.001,Fracture of femoral head,Musculoskeletal,Low,2026-06-06
D001527,F32.9,Major depressive disorder single episode,Mental Health,Critical,2026-06-06
D001528,J96.00,Acute respiratory failure unspecified,Respiratory,Low,2026-06-06
D001529,G43.909,Migraine unspecified,Neurological,High,2026-06-06
D001530,G43.909,Migraine unspecified,Neurological,Medium,2026-06-06
D001531,K92.1,Melena,Gastrointestinal,Low,2026-06-06
D001532,F41.1,Generalized anxiety disorder,Mental Health,Critical,2026-06-06
D001533,E11.9,Type 2 diabetes without complications,Endocrine,Critical,2026-06-06
D001534,F41.1,Generalized anxiety disorder,Mental Health,Medium,2026-06-06
D001535,G43.909,Migraine unspecified,Neurological,High,2026-06-06
D001536,K92.1,Melena,Gastrointestinal,Critical,2026-06-06
D001537,K92.1,Melena,Gastrointestinal,Low,2026-06-06
D001538,J18.9,Pneumonia unspecified,Respiratory,Low,2026-06-06
D001539,I50.9,Heart failure unspecified,Cardiovascular,Medium,2026-06-06
D001540,J96.00,Acute respiratory failure unspecified,Respiratory,Low,2026-06-06
D001541,E11.9,Type 2 diabetes without complications,Endocrine,Low,2026-06-06
D001542,M79.3,Panniculitis,Musculoskeletal,Medium,2026-06-06
D001543,J18.9,Pneumonia unspecified,Respiratory,Low,2026-06-06
D001544,G35,Multiple sclerosis,Neurological,Critical,2026-06-06
D001545,M79.3,Panniculitis,Musculoskeletal,High,2026-06-06
D001546,I50.9,Heart failure unspecified,Cardiovascular,High,2026-06-06
D001547,E11.65,Type 2 diabetes with hyperglycemia,Endocrine,Low,2026-06-06
D001548,I21.0,ST elevation myocardial infarction,Cardiovascular,Medium,2026-06-06
D001549,M79.3,Panniculitis,Musculoskeletal,Low,2026-06-06
D001550,S72.001,Fracture of femoral head,Musculoskeletal,Low,2026-06-06
D001551,K57.30,Diverticulosis of large intestine,Gastrointestinal,Critical,2026-06-06
D001552,K57.30,Diverticulosis of large intestine,Gastrointestinal,Low,2026-06-06
D001553,G43.909,Migraine unspecified,Neurological,High,2026-06-06
D001554,F32.9,Major depressive disorder single episode,Mental Health,Low,2026-06-06
D001555,I10,Essential hypertension,Cardiovascular,High,2026-06-06
D001556,I10,Essential hypertension,Cardiovascular,Medium,2026-06-06
D001557,F32.9,Major depressive disorder single episode,Mental Health,Low,2026-06-06
D001558,J18.9,Pneumonia unspecified,Respiratory,Medium,2026-06-06
D001559,F41.1,Generalized anxiety disorder,Mental Health,Critical,2026-06-06
D001560,E11.9,Type 2 diabetes without complications,Endocrine,Medium,2026-06-06
D001561,F32.9,Major depressive disorder single episode,Mental Health,Medium,2026-06-06
D001562,G35,Multiple sclerosis,Neurological,Medium,2026-06-06
D001563,F41.1,Generalized anxiety disorder,Mental Health,Critical,2026-06-06
D001564,J18.9,Pneumonia unspecified,Respiratory,High,2026-06-06
D001565,S72.001,Fracture of femoral head,Musculoskeletal,Critical,2026-06-06
D001566,J18.9,Pneumonia unspecified,Respiratory,Medium,2026-06-06
D001567,J96.00,Acute respiratory failure unspecified,Respiratory,Critical,2026-06-06
D001568,F32.9,Major depressive disorder single episode,Mental Health,High,2026-06-06
D001569,J96.00,Acute respiratory failure unspecified,Respiratory,Critical,2026-06-06
D001570,K57.30,Diverticulosis of large intestine,Gastrointestinal,High,2026-06-06
D001571,F41.1,Generalized anxiety disorder,Mental Health,High,2026-06-06
D001572,K57.30,Diverticulosis of large intestine,Gastrointestinal,Critical,2026-06-06
D001573,B97.29,Other coronavirus as cause of disease,Infectious,High,2026-06-06
D001574,G43.909,Migraine unspecified,Neurological,Medium,2026-06-06
D001575,G35,Multiple sclerosis,Neurological,Medium,2026-06-06
D001576,A41.9,Sepsis unspecified,Infectious,High,2026-06-06
D001577,K57.30,Diverticulosis of large intestine,Gastrointestinal,Critical,2026-06-06
D001578,S72.001,Fracture of femoral head,Musculoskeletal,Critical,2026-06-06
D001579,I21.0,ST elevation myocardial infarction,Cardiovascular,Low,2026-06-06
D001580,N39.0,Urinary tract infection,Renal,Low,2026-06-06
D001581,F32.9,Major depressive disorder single episode,Mental Health,Medium,2026-06-06
D001582,N39.0,Urinary tract infection,Renal,Low,2026-06-06
D001583,N39.0,Urinary tract infection,Renal,Medium,2026-06-06
D001584,E11.9,Type 2 diabetes without complications,Endocrine,High,2026-06-06
D001585,I21.0,ST elevation myocardial infarction,Cardiovascular,High,2026-06-06
D001586,F41.1,Generalized anxiety disorder,Mental Health,Medium,2026-06-06
D001587,J18.9,Pneumonia unspecified,Respiratory,Low,2026-06-06
D001588,S72.001,Fracture of femoral head,Musculoskeletal,High,2026-06-06
D001589,J44.1,COPD with acute exacerbation,Respiratory,Medium,2026-06-06
D001590,N18.3,Chronic kidney disease stage 3,Renal,High,2026-06-06
D001591,G35,Multiple sclerosis,Neurological,Medium,2026-06-06
D001592,E11.65,Type 2 diabetes with hyperglycemia,Endocrine,High,2026-06-06
D001593,N39.0,Urinary tract infection,Renal,Low,2026-06-06
D001594,G35,Multiple sclerosis,Neurological,Critical,2026-06-06
D001595,G35,Multiple sclerosis,Neurological,Medium,2026-06-06
D001596,I10,Essential hypertension,Cardiovascular,High,2026-06-06
D001597,M79.3,Panniculitis,Musculoskeletal,Medium,2026-06-06
D001598,M79.3,Panniculitis,Musculoskeletal,Low,2026-06-06
D001599,G43.909,Migraine unspecified,Neurological,High,2026-06-06
D001600,I50.9,Heart failure unspecified,Cardiovascular,Critical,2026-06-06
D001601,I10,Essential hypertension,Cardiovascular,Low,2026-06-06
D001602,K92.1,Melena,Gastrointestinal,High,2026-06-06
D001603,B97.29,Other coronavirus as cause of disease,Infectious,Critical,2026-06-06
D001604,J18.9,Pneumonia unspecified,Respiratory,Medium,2026-06-06
D001605,G43.909,Migraine unspecified,Neurological,Low,2026-06-06
D001606,A41.9,Sepsis unspecified,Infectious,Low,2026-06-06
D001607,N39.0,Urinary tract infection,Renal,Low,2026-06-06
D001608,K92.1,Melena,Gastrointestinal,Medium,2026-06-06
D001609,K92.1,Melena,Gastrointestinal,Medium,2026-06-06
D001610,J44.1,COPD with acute exacerbation,Respiratory,Low,2026-06-06
D001611,A41.9,Sepsis unspecified,Infectious,Critical,2026-06-06
D001612,G43.909,Migraine unspecified,Neurological,Low,2026-06-06
D001613,E11.65,Type 2 diabetes with hyperglycemia,Endocrine,Critical,2026-06-06
D001614,N39.0,Urinary tract infection,Renal,Critical,2026-06-06
D001615,J44.1,COPD with acute exacerbation,Respiratory,Medium,2026-06-06
D001616,K92.1,Melena,Gastrointestinal,Low,2026-06-06
D001617,M79.3,Panniculitis,Musculoskeletal,Low,2026-06-06
D001618,F41.1,Generalized anxiety disorder,Mental Health,Critical,2026-06-06
D001619,N18.3,Chronic kidney disease stage 3,Renal,Low,2026-06-06
D001620,A41.9,Sepsis unspecified,Infectious,Critical,2026-06-06
D001621,J44.1,COPD with acute exacerbation,Respiratory,Medium,2026-06-06
D001622,M79.3,Panniculitis,Musculoskeletal,Medium,2026-06-06
D001623,M79.3,Panniculitis,Musculoskeletal,Critical,2026-06-06
D001624,G35,Multiple sclerosis,Neurological,Medium,2026-06-06
D001625,F41.1,Generalized anxiety disorder,Mental Health,Medium,2026-06-06
D001626,E11.65,Type 2 diabetes with hyperglycemia,Endocrine,Low,2026-06-06
D001627,N18.3,Chronic kidney disease stage 3,Renal,Critical,2026-06-06
D001628,K92.1,Melena,Gastrointestinal,Low,2026-06-06
D001629,J18.9,Pneumonia unspecified,Respiratory,Critical,2026-06-06
D001630,B97.29,Other coronavirus as cause of disease,Infectious,High,2026-06-06
D001631,K57.30,Diverticulosis of large intestine,Gastrointestinal,Medium,2026-06-06
D001632,K92.1,Melena,Gastrointestinal,High,2026-06-06
D001633,G43.909,Migraine unspecified,Neurological,Low,2026-06-06
D001634,N39.0,Urinary tract infection,Renal,Medium,2026-06-06
D001635,K57.30,Diverticulosis of large intestine,Gastrointestinal,Critical,2026-06-06
D001636,G43.909,Migraine unspecified,Neurological,Medium,2026-06-06
D001637,S72.001,Fracture of femoral head,Musculoskeletal,Low,2026-06-06
D001638,E11.65,Type 2 diabetes with hyperglycemia,Endocrine,Medium,2026-06-06
D001639,K57.30,Diverticulosis of large intestine,Gastrointestinal,Medium,2026-06-06
D001640,I10,Essential hypertension,Cardiovascular,Low,2026-06-06
D001641,I50.9,Heart failure unspecified,Cardiovascular,Medium,2026-06-06
D001642,G43.909,Migraine unspecified,Neurological,Medium,2026-06-06
D001643,N39.0,Urinary tract infection,Renal,Low,2026-06-06
D001644,K92.1,Melena,Gastrointestinal,Low,2026-06-06
D001645,N39.0,Urinary tract infection,Renal,Critical,2026-06-06
D001646,M79.3,Panniculitis,Musculoskeletal,Low,2026-06-06
D001647,K92.1,Melena,Gastrointestinal,Medium,2026-06-06
D001648,F41.1,Generalized anxiety disorder,Mental Health,Medium,2026-06-06
D001649,E11.9,Type 2 diabetes without complications,Endocrine,High,2026-06-06
D001650,F41.1,Generalized anxiety disorder,Mental Health,Critical,2026-06-06
D001651,G43.909,Migraine unspecified,Neurological,Medium,2026-06-06
D001652,I21.0,ST elevation myocardial infarction,Cardiovascular,Critical,2026-06-06
D001653,G35,Multiple sclerosis,Neurological,Low,2026-06-06
D001654,N18.3,Chronic kidney disease stage 3,Renal,Medium,2026-06-06
D001655,I50.9,Heart failure unspecified,Cardiovascular,High,2026-06-06
D001656,E11.9,Type 2 diabetes without complications,Endocrine,High,2026-06-06
D001657,I50.9,Heart failure unspecified,Cardiovascular,Critical,2026-06-06
D001658,I21.0,ST elevation myocardial infarction,Cardiovascular,Low,2026-06-06
D001659,A41.9,Sepsis unspecified,Infectious,High,2026-06-06
D001660,K57.30,Diverticulosis of large intestine,Gastrointestinal,Low,2026-06-06
D001661,I21.0,ST elevation myocardial infarction,Cardiovascular,High,2026-06-06
D001662,A41.9,Sepsis unspecified,Infectious,Medium,2026-06-06
D001663,A41.9,Sepsis unspecified,Infectious,Low,2026-06-06
D001664,K92.1,Melena,Gastrointestinal,Critical,2026-06-06
D001665,G43.909,Migraine unspecified,Neurological,Low,2026-06-06
D001666,J96.00,Acute respiratory failure unspecified,Respiratory,Medium,2026-06-06
D001667,F32.9,Major depressive disorder single episode,Mental Health,Critical,2026-06-06
D001668,F41.1,Generalized anxiety disorder,Mental Health,Low,2026-06-06
D001669,I50.9,Heart failure unspecified,Cardiovascular,Medium,2026-06-06
D001670,F32.9,Major depressive disorder single episode,Mental Health,High,2026-06-06
D001671,K92.1,Melena,Gastrointestinal,Critical,2026-06-06
D001672,A41.9,Sepsis unspecified,Infectious,Medium,2026-06-06
D001673,I21.0,ST elevation myocardial infarction,Cardiovascular,High,2026-06-06
D001674,K57.30,Diverticulosis of large intestine,Gastrointestinal,High,2026-06-06
D001675,N39.0,Urinary tract infection,Renal,Medium,2026-06-06
D001676,F32.9,Major depressive disorder single episode,Mental Health,High,2026-06-06
D001677,I50.9,Heart failure unspecified,Cardiovascular,High,2026-06-06
D001678,A41.9,Sepsis unspecified,Infectious,Low,2026-06-06
D001679,F41.1,Generalized anxiety disorder,Mental Health,High,2026-06-06
D001680,E11.65,Type 2 diabetes with hyperglycemia,Endocrine,Medium,2026-06-06
D001681,K92.1,Melena,Gastrointestinal,Critical,2026-06-06
D001682,J44.1,COPD with acute exacerbation,Respiratory,Low,2026-06-06
D001683,A41.9,Sepsis unspecified,Infectious,Medium,2026-06-06
D001684,B97.29,Other coronavirus as cause of disease,Infectious,Medium,2026-06-06
D001685,G35,Multiple sclerosis,Neurological,Medium,2026-06-06
D001686,B97.29,Other coronavirus as cause of disease,Infectious,High,2026-06-06
D001687,G43.909,Migraine unspecified,Neurological,High,2026-06-06
D001688,S72.001,Fracture of femoral head,Musculoskeletal,Medium,2026-06-06
D001689,E11.9,Type 2 diabetes without complications,Endocrine,Medium,2026-06-06
D001690,G35,Multiple sclerosis,Neurological,Medium,2026-06-06
D001691,J44.1,COPD with acute exacerbation,Respiratory,High,2026-06-06
D001692,F32.9,Major depressive disorder single episode,Mental Health,Medium,2026-06-06
D001693,B97.29,Other coronavirus as cause of disease,Infectious,Medium,2026-06-06
D001694,G35,Multiple sclerosis,Neurological,Medium,2026-06-06
D001695,K92.1,Melena,Gastrointestinal,Low,2026-06-06
D001696,F41.1,Generalized anxiety disorder,Mental Health,Low,2026-06-06
D001697,J96.00,Acute respiratory failure unspecified,Respiratory,High,2026-06-06
D001698,J44.1,COPD with acute exacerbation,Respiratory,Low,2026-06-06
D001699,K92.1,Melena,Gastrointestinal,Critical,2026-06-06
D001700,B97.29,Other coronavirus as cause of disease,Infectious,High,2026-06-06
D001701,S72.001,Fracture of femoral head,Musculoskeletal,High,2026-06-06
D001702,J44.1,COPD with acute exacerbation,Respiratory,Medium,2026-06-06
D001703,J18.9,Pneumonia unspecified,Respiratory,Medium,2026-06-06
D001704,J96.00,Acute respiratory failure unspecified,Respiratory,Low,2026-06-06
D001705,G43.909,Migraine unspecified,Neurological,High,2026-06-06
D001706,G43.909,Migraine unspecified,Neurological,Medium,2026-06-06
D001707,G43.909,Migraine unspecified,Neurological,Medium,2026-06-06
D001708,E11.65,Type 2 diabetes with hyperglycemia,Endocrine,Low,2026-06-06
D001709,K57.30,Diverticulosis of large intestine,Gastrointestinal,Low,2026-06-06
D001710,M79.3,Panniculitis,Musculoskeletal,Medium,2026-06-06
D001711,F32.9,Major depressive disorder single episode,Mental Health,Critical,2026-06-06
D001712,K57.30,Diverticulosis of large intestine,Gastrointestinal,Medium,2026-06-06
D001713,A41.9,Sepsis unspecified,Infectious,Critical,2026-06-06
D001714,M79.3,Panniculitis,Musculoskeletal,Medium,2026-06-06
D001715,J96.00,Acute respiratory failure unspecified,Respiratory,Medium,2026-06-06
D001716,E11.65,Type 2 diabetes with hyperglycemia,Endocrine,Low,2026-06-06
D001717,B97.29,Other coronavirus as cause of disease,Infectious,Low,2026-06-06
D001718,N18.3,Chronic kidney disease stage 3,Renal,Critical,2026-06-06
D001719,E11.65,Type 2 diabetes with hyperglycemia,Endocrine,Medium,2026-06-06
D001720,E11.9,Type 2 diabetes without complications,Endocrine,Low,2026-06-06
D001721,J96.00,Acute respiratory failure unspecified,Respiratory,Critical,2026-06-06
D001722,G43.909,Migraine unspecified,Neurological,Critical,2026-06-06
D001723,K92.1,Melena,Gastrointestinal,Critical,2026-06-06
D001724,E11.65,Type 2 diabetes with hyperglycemia,Endocrine,Critical,2026-06-06
D001725,A41.9,Sepsis unspecified,Infectious,Low,2026-06-06
D001726,G43.909,Migraine unspecified,Neurological,Critical,2026-06-06
D001727,K92.1,Melena,Gastrointestinal,Critical,2026-06-06
D001728,G43.909,Migraine unspecified,Neurological,Low,2026-06-06
D001729,F32.9,Major depressive disorder single episode,Mental Health,Low,2026-06-06
D001730,S72.001,Fracture of femoral head,Musculoskeletal,Critical,2026-06-06
D001731,I50.9,Heart failure unspecified,Cardiovascular,Medium,2026-06-06
D001732,F32.9,Major depressive disorder single episode,Mental Health,Critical,2026-06-06
D001733,I50.9,Heart failure unspecified,Cardiovascular,Critical,2026-06-06
D001734,F32.9,Major depressive disorder single episode,Mental Health,Low,2026-06-06
D001735,E11.9,Type 2 diabetes without complications,Endocrine,High,2026-06-06
D001736,S72.001,Fracture of femoral head,Musculoskeletal,Critical,2026-06-06
D001737,N39.0,Urinary tract infection,Renal,High,2026-06-06
D001738,S72.001,Fracture of femoral head,Musculoskeletal,Medium,2026-06-06
D001739,B97.29,Other coronavirus as cause of disease,Infectious,High,2026-06-06
D001740,G43.909,Migraine unspecified,Neurological,Low,2026-06-06
D001741,F32.9,Major depressive disorder single episode,Mental Health,Medium,2026-06-06
D001742,S72.001,Fracture of femoral head,Musculoskeletal,Critical,2026-06-06
D001743,I10,Essential hypertension,Cardiovascular,Low,2026-06-06
D001744,J96.00,Acute respiratory failure unspecified,Respiratory,Medium,2026-06-06
D001745,A41.9,Sepsis unspecified,Infectious,Critical,2026-06-06
D001746,K92.1,Melena,Gastrointestinal,Critical,2026-06-06
D001747,I21.0,ST elevation myocardial infarction,Cardiovascular,Medium,2026-06-06
D001748,S72.001,Fracture of femoral head,Musculoskeletal,Medium,2026-06-06
D001749,S72.001,Fracture of femoral head,Musculoskeletal,Low,2026-06-06
D001750,N18.3,Chronic kidney disease stage 3,Renal,High,2026-06-06
D001751,J96.00,Acute respiratory failure unspecified,Respiratory,Low,2026-06-06
D001752,I10,Essential hypertension,Cardiovascular,Low,2026-06-06
D001753,S72.001,Fracture of femoral head,Musculoskeletal,High,2026-06-06
D001754,I10,Essential hypertension,Cardiovascular,Critical,2026-06-06
D001755,F32.9,Major depressive disorder single episode,Mental Health,Medium,2026-06-06
D001756,A41.9,Sepsis unspecified,Infectious,Critical,2026-06-06
D001757,I50.9,Heart failure unspecified,Cardiovascular,Medium,2026-06-06
D001758,K92.1,Melena,Gastrointestinal,Medium,2026-06-06
D001759,J96.00,Acute respiratory failure unspecified,Respiratory,Medium,2026-06-06
D001760,J96.00,Acute respiratory failure unspecified,Respiratory,Low,2026-06-06
D001761,B97.29,Other coronavirus as cause of disease,Infectious,High,2026-06-06
D001762,N39.0,Urinary tract infection,Renal,Critical,2026-06-06
D001763,N39.0,Urinary tract infection,Renal,Medium,2026-06-06
D001764,J18.9,Pneumonia unspecified,Respiratory,Medium,2026-06-06
D001765,E11.9,Type 2 diabetes without complications,Endocrine,Low,2026-06-06
D001766,G43.909,Migraine unspecified,Neurological,High,2026-06-06
D001767,I21.0,ST elevation myocardial infarction,Cardiovascular,Critical,2026-06-06
D001768,M79.3,Panniculitis,Musculoskeletal,Critical,2026-06-06
D001769,F41.1,Generalized anxiety disorder,Mental Health,Low,2026-06-06
D001770,G43.909,Migraine unspecified,Neurological,Critical,2026-06-06
D001771,E11.65,Type 2 diabetes with hyperglycemia,Endocrine,Medium,2026-06-06
D001772,G35,Multiple sclerosis,Neurological,Critical,2026-06-06
D001773,S72.001,Fracture of femoral head,Musculoskeletal,Critical,2026-06-06
D001774,S72.001,Fracture of femoral head,Musculoskeletal,Low,2026-06-06
D001775,G43.909,Migraine unspecified,Neurological,Low,2026-06-06
D001776,E11.65,Type 2 diabetes with hyperglycemia,Endocrine,High,2026-06-06
D001777,G43.909,Migraine unspecified,Neurological,Medium,2026-06-06
D001778,I50.9,Heart failure unspecified,Cardiovascular,Medium,2026-06-06
D001779,J44.1,COPD with acute exacerbation,Respiratory,Low,2026-06-06
D001780,K57.30,Diverticulosis of large intestine,Gastrointestinal,Low,2026-06-06
D001781,J44.1,COPD with acute exacerbation,Respiratory,Low,2026-06-06
D001782,G35,Multiple sclerosis,Neurological,High,2026-06-06
D001783,K92.1,Melena,Gastrointestinal,Low,2026-06-06
D001784,I50.9,Heart failure unspecified,Cardiovascular,Low,2026-06-06
D001785,B97.29,Other coronavirus as cause of disease,Infectious,Medium,2026-06-06
D001786,J96.00,Acute respiratory failure unspecified,Respiratory,High,2026-06-06
D001787,G43.909,Migraine unspecified,Neurological,Medium,2026-06-06
D001788,S72.001,Fracture of femoral head,Musculoskeletal,High,2026-06-06
D001789,I50.9,Heart failure unspecified,Cardiovascular,Low,2026-06-06
D001790,N39.0,Urinary tract infection,Renal,High,2026-06-06
D001791,K57.30,Diverticulosis of large intestine,Gastrointestinal,Critical,2026-06-06
D001792,I10,Essential hypertension,Cardiovascular,Critical,2026-06-06
D001793,F41.1,Generalized anxiety disorder,Mental Health,Low,2026-06-06
D001794,N39.0,Urinary tract infection,Renal,Critical,2026-06-06
D001795,J44.1,COPD with acute exacerbation,Respiratory,Low,2026-06-06
D001796,N18.3,Chronic kidney disease stage 3,Renal,High,2026-06-06
D001797,F32.9,Major depressive disorder single episode,Mental Health,Critical,2026-06-06
D001798,F32.9,Major depressive disorder single episode,Mental Health,Medium,2026-06-06
D001799,E11.9,Type 2 diabetes without complications,Endocrine,Low,2026-06-06
D001800,J18.9,Pneumonia unspecified,Respiratory,Low,2026-06-06
D001801,M79.3,Panniculitis,Musculoskeletal,High,2026-06-06
D001802,B97.29,Other coronavirus as cause of disease,Infectious,High,2026-06-06
D001803,N18.3,Chronic kidney disease stage 3,Renal,High,2026-06-06
D001804,J44.1,COPD with acute exacerbation,Respiratory,Critical,2026-06-06
D001805,F32.9,Major depressive disorder single episode,Mental Health,Critical,2026-06-06
D001806,M79.3,Panniculitis,Musculoskeletal,Medium,2026-06-06
D001807,G43.909,Migraine unspecified,Neurological,Medium,2026-06-06
D001808,N39.0,Urinary tract infection,Renal,Medium,2026-06-06
D001809,I21.0,ST elevation myocardial infarction,Cardiovascular,Low,2026-06-06
D001810,I21.0,ST elevation myocardial infarction,Cardiovascular,Critical,2026-06-06
D001811,J18.9,Pneumonia unspecified,Respiratory,Medium,2026-06-06
D001812,G43.909,Migraine unspecified,Neurological,Critical,2026-06-06
D001813,B97.29,Other coronavirus as cause of disease,Infectious,Low,2026-06-06
D001814,K92.1,Melena,Gastrointestinal,High,2026-06-06
D001815,F41.1,Generalized anxiety disorder,Mental Health,Medium,2026-06-06
D001816,I21.0,ST elevation myocardial infarction,Cardiovascular,Medium,2026-06-06
D001817,N39.0,Urinary tract infection,Renal,High,2026-06-06
D001818,I10,Essential hypertension,Cardiovascular,High,2026-06-06
D001819,N39.0,Urinary tract infection,Renal,High,2026-06-06
D001820,I21.0,ST elevation myocardial infarction,Cardiovascular,Low,2026-06-06
D001821,K92.1,Melena,Gastrointestinal,High,2026-06-06
D001822,A41.9,Sepsis unspecified,Infectious,Low,2026-06-06
D001823,J96.00,Acute respiratory failure unspecified,Respiratory,Medium,2026-06-06
D001824,K92.1,Melena,Gastrointestinal,High,2026-06-06
D001825,M79.3,Panniculitis,Musculoskeletal,Critical,2026-06-06
D001826,I50.9,Heart failure unspecified,Cardiovascular,Medium,2026-06-06
D001827,M79.3,Panniculitis,Musculoskeletal,Medium,2026-06-06
D001828,S72.001,Fracture of femoral head,Musculoskeletal,High,2026-06-06
D001829,S72.001,Fracture of femoral head,Musculoskeletal,Critical,2026-06-06
D001830,I50.9,Heart failure unspecified,Cardiovascular,High,2026-06-06
D001831,G35,Multiple sclerosis,Neurological,High,2026-06-06
D001832,F41.1,Generalized anxiety disorder,Mental Health,Low,2026-06-06
D001833,E11.9,Type 2 diabetes without complications,Endocrine,High,2026-06-06
D001834,K57.30,Diverticulosis of large intestine,Gastrointestinal,Low,2026-06-06
D001835,J44.1,COPD with acute exacerbation,Respiratory,High,2026-06-06
D001836,I21.0,ST elevation myocardial infarction,Cardiovascular,High,2026-06-06
D001837,A41.9,Sepsis unspecified,Infectious,Medium,2026-06-06
D001838,G35,Multiple sclerosis,Neurological,Critical,2026-06-06
D001839,J96.00,Acute respiratory failure unspecified,Respiratory,Low,2026-06-06
D001840,N39.0,Urinary tract infection,Renal,High,2026-06-06
D001841,I50.9,Heart failure unspecified,Cardiovascular,High,2026-06-06
D001842,B97.29,Other coronavirus as cause of disease,Infectious,Low,2026-06-06
D001843,M79.3,Panniculitis,Musculoskeletal,Medium,2026-06-06
D001844,K57.30,Diverticulosis of large intestine,Gastrointestinal,Critical,2026-06-06
D001845,N39.0,Urinary tract infection,Renal,Medium,2026-06-06
D001846,F32.9,Major depressive disorder single episode,Mental Health,High,2026-06-06
D001847,J96.00,Acute respiratory failure unspecified,Respiratory,Low,2026-06-06
D001848,K57.30,Diverticulosis of large intestine,Gastrointestinal,Low,2026-06-06
D001849,E11.9,Type 2 diabetes without complications,Endocrine,Low,2026-06-06
D001850,S72.001,Fracture of femoral head,Musculoskeletal,Low,2026-06-06
D001851,M79.3,Panniculitis,Musculoskeletal,Medium,2026-06-06
D001852,E11.9,Type 2 diabetes without complications,Endocrine,High,2026-06-06
D001853,M79.3,Panniculitis,Musculoskeletal,High,2026-06-06
D001854,K92.1,Melena,Gastrointestinal,Medium,2026-06-06
D001855,J18.9,Pneumonia unspecified,Respiratory,Medium,2026-06-06
D001856,E11.9,Type 2 diabetes without complications,Endocrine,Low,2026-06-06
D001857,S72.001,Fracture of femoral head,Musculoskeletal,Critical,2026-06-06
D001858,F32.9,Major depressive disorder single episode,Mental Health,Low,2026-06-06
D001859,I21.0,ST elevation myocardial infarction,Cardiovascular,High,2026-06-06
D001860,I50.9,Heart failure unspecified,Cardiovascular,Low,2026-06-06
D001861,K92.1,Melena,Gastrointestinal,Critical,2026-06-06
D001862,I50.9,Heart failure unspecified,Cardiovascular,Low,2026-06-06
D001863,F32.9,Major depressive disorder single episode,Mental Health,High,2026-06-06
D001864,I21.0,ST elevation myocardial infarction,Cardiovascular,High,2026-06-06
D001865,E11.9,Type 2 diabetes without complications,Endocrine,High,2026-06-06
D001866,E11.9,Type 2 diabetes without complications,Endocrine,Medium,2026-06-06
D001867,N39.0,Urinary tract infection,Renal,High,2026-06-06
D001868,F41.1,Generalized anxiety disorder,Mental Health,High,2026-06-06
D001869,S72.001,Fracture of femoral head,Musculoskeletal,Low,2026-06-06
D001870,N18.3,Chronic kidney disease stage 3,Renal,Medium,2026-06-06
D001871,J96.00,Acute respiratory failure unspecified,Respiratory,High,2026-06-06
D001872,J18.9,Pneumonia unspecified,Respiratory,Low,2026-06-06
D001873,G43.909,Migraine unspecified,Neurological,Low,2026-06-06
D001874,E11.9,Type 2 diabetes without complications,Endocrine,High,2026-06-06
D001875,F41.1,Generalized anxiety disorder,Mental Health,High,2026-06-06
D001876,N18.3,Chronic kidney disease stage 3,Renal,Medium,2026-06-06
D001877,N39.0,Urinary tract infection,Renal,Medium,2026-06-06
D001878,J96.00,Acute respiratory failure unspecified,Respiratory,Low,2026-06-06
D001879,N39.0,Urinary tract infection,Renal,High,2026-06-06
D001880,F41.1,Generalized anxiety disorder,Mental Health,Critical,2026-06-06
D001881,I50.9,Heart failure unspecified,Cardiovascular,Medium,2026-06-06
D001882,I21.0,ST elevation myocardial infarction,Cardiovascular,Critical,2026-06-06
D001883,I50.9,Heart failure unspecified,Cardiovascular,Low,2026-06-06
D001884,A41.9,Sepsis unspecified,Infectious,Low,2026-06-06
D001885,I10,Essential hypertension,Cardiovascular,Critical,2026-06-06
D001886,A41.9,Sepsis unspecified,Infectious,Medium,2026-06-06
D001887,G43.909,Migraine unspecified,Neurological,Critical,2026-06-06
D001888,G43.909,Migraine unspecified,Neurological,High,2026-06-06
D001889,N39.0,Urinary tract infection,Renal,High,2026-06-06
D001890,E11.9,Type 2 diabetes without complications,Endocrine,Low,2026-06-06
D001891,S72.001,Fracture of femoral head,Musculoskeletal,Medium,2026-06-06
D001892,I10,Essential hypertension,Cardiovascular,Critical,2026-06-06
D001893,J18.9,Pneumonia unspecified,Respiratory,Critical,2026-06-06
D001894,N39.0,Urinary tract infection,Renal,Critical,2026-06-06
D001895,M79.3,Panniculitis,Musculoskeletal,Medium,2026-06-06
D001896,E11.65,Type 2 diabetes with hyperglycemia,Endocrine,Medium,2026-06-06
D001897,G43.909,Migraine unspecified,Neurological,High,2026-06-06
D001898,K57.30,Diverticulosis of large intestine,Gastrointestinal,Critical,2026-06-06
D001899,J96.00,Acute respiratory failure unspecified,Respiratory,High,2026-06-06
D001900,K92.1,Melena,Gastrointestinal,Critical,2026-06-06
D001901,M79.3,Panniculitis,Musculoskeletal,Low,2026-06-06
D001902,I10,Essential hypertension,Cardiovascular,Critical,2026-06-06
D001903,J18.9,Pneumonia unspecified,Respiratory,High,2026-06-06
D001904,M79.3,Panniculitis,Musculoskeletal,Critical,2026-06-06
D001905,J96.00,Acute respiratory failure unspecified,Respiratory,High,2026-06-06
D001906,K57.30,Diverticulosis of large intestine,Gastrointestinal,Medium,2026-06-06
D001907,F32.9,Major depressive disorder single episode,Mental Health,Low,2026-06-06
D001908,A41.9,Sepsis unspecified,Infectious,Low,2026-06-06
D001909,K92.1,Melena,Gastrointestinal,Low,2026-06-06
D001910,N39.0,Urinary tract infection,Renal,Critical,2026-06-06
D001911,A41.9,Sepsis unspecified,Infectious,Critical,2026-06-06
D001912,E11.65,Type 2 diabetes with hyperglycemia,Endocrine,Medium,2026-06-06
D001913,F41.1,Generalized anxiety disorder,Mental Health,Medium,2026-06-06
D001914,M79.3,Panniculitis,Musculoskeletal,Critical,2026-06-06
D001915,I10,Essential hypertension,Cardiovascular,High,2026-06-06
D001916,E11.9,Type 2 diabetes without complications,Endocrine,Critical,2026-06-06
D001917,B97.29,Other coronavirus as cause of disease,Infectious,High,2026-06-06
D001918,F41.1,Generalized anxiety disorder,Mental Health,Medium,2026-06-06
D001919,J96.00,Acute respiratory failure unspecified,Respiratory,Low,2026-06-06
D001920,G35,Multiple sclerosis,Neurological,Critical,2026-06-06
D001921,J18.9,Pneumonia unspecified,Respiratory,Critical,2026-06-06
D001922,K92.1,Melena,Gastrointestinal,Low,2026-06-06
D001923,S72.001,Fracture of femoral head,Musculoskeletal,Medium,2026-06-06
D001924,N39.0,Urinary tract infection,Renal,Critical,2026-06-06
D001925,I10,Essential hypertension,Cardiovascular,Low,2026-06-06
D001926,G43.909,Migraine unspecified,Neurological,Critical,2026-06-06
D001927,K92.1,Melena,Gastrointestinal,Critical,2026-06-06
D001928,I50.9,Heart failure unspecified,Cardiovascular,Low,2026-06-06
D001929,E11.9,Type 2 diabetes without complications,Endocrine,Medium,2026-06-06
D001930,G35,Multiple sclerosis,Neurological,Low,2026-06-06
D001931,J44.1,COPD with acute exacerbation,Respiratory,Medium,2026-06-06
D001932,S72.001,Fracture of femoral head,Musculoskeletal,High,2026-06-06
D001933,A41.9,Sepsis unspecified,Infectious,Critical,2026-06-06
D001934,E11.9,Type 2 diabetes without complications,Endocrine,Medium,2026-06-06
D001935,K92.1,Melena,Gastrointestinal,High,2026-06-06
D001936,G35,Multiple sclerosis,Neurological,High,2026-06-06
D001937,B97.29,Other coronavirus as cause of disease,Infectious,High,2026-06-06
D001938,I10,Essential hypertension,Cardiovascular,Low,2026-06-06
D001939,G43.909,Migraine unspecified,Neurological,Critical,2026-06-06
D001940,J44.1,COPD with acute exacerbation,Respiratory,High,2026-06-06
D001941,I50.9,Heart failure unspecified,Cardiovascular,High,2026-06-06
D001942,F41.1,Generalized anxiety disorder,Mental Health,Low,2026-06-06
D001943,I21.0,ST elevation myocardial infarction,Cardiovascular,High,2026-06-06
D001944,J18.9,Pneumonia unspecified,Respiratory,High,2026-06-06
D001945,I21.0,ST elevation myocardial infarction,Cardiovascular,Medium,2026-06-06
D001946,B97.29,Other coronavirus as cause of disease,Infectious,Critical,2026-06-06
D001947,K92.1,Melena,Gastrointestinal,Critical,2026-06-06
D001948,A41.9,Sepsis unspecified,Infectious,Critical,2026-06-06
D001949,B97.29,Other coronavirus as cause of disease,Infectious,Medium,2026-06-06
D001950,J96.00,Acute respiratory failure unspecified,Respiratory,Critical,2026-06-06
D001951,J44.1,COPD with acute exacerbation,Respiratory,Medium,2026-06-06
D001952,F41.1,Generalized anxiety disorder,Mental Health,Critical,2026-06-06
D001953,K57.30,Diverticulosis of large intestine,Gastrointestinal,Critical,2026-06-06
D001954,J44.1,COPD with acute exacerbation,Respiratory,High,2026-06-06
D001955,J44.1,COPD with acute exacerbation,Respiratory,Medium,2026-06-06
D001956,I21.0,ST elevation myocardial infarction,Cardiovascular,Low,2026-06-06
D001957,I21.0,ST elevation myocardial infarction,Cardiovascular,Medium,2026-06-06
D001958,M79.3,Panniculitis,Musculoskeletal,Critical,2026-06-06
D001959,J44.1,COPD with acute exacerbation,Respiratory,Low,2026-06-06
D001960,J44.1,COPD with acute exacerbation,Respiratory,Critical,2026-06-06
D001961,S72.001,Fracture of femoral head,Musculoskeletal,Critical,2026-06-06
D001962,G43.909,Migraine unspecified,Neurological,Medium,2026-06-06
D001963,S72.001,Fracture of femoral head,Musculoskeletal,Critical,2026-06-06
D001964,F41.1,Generalized anxiety disorder,Mental Health,Critical,2026-06-06
D001965,A41.9,Sepsis unspecified,Infectious,High,2026-06-06
D001966,E11.65,Type 2 diabetes with hyperglycemia,Endocrine,Medium,2026-06-06
D001967,B97.29,Other coronavirus as cause of disease,Infectious,Low,2026-06-06
D001968,G35,Multiple sclerosis,Neurological,Critical,2026-06-06
D001969,E11.65,Type 2 diabetes with hyperglycemia,Endocrine,High,2026-06-06
D001970,B97.29,Other coronavirus as cause of disease,Infectious,High,2026-06-06
D001971,I50.9,Heart failure unspecified,Cardiovascular,Low,2026-06-06
D001972,G35,Multiple sclerosis,Neurological,Critical,2026-06-06
D001973,K57.30,Diverticulosis of large intestine,Gastrointestinal,Low,2026-06-06
D001974,G35,Multiple sclerosis,Neurological,Critical,2026-06-06
D001975,I10,Essential hypertension,Cardiovascular,Medium,2026-06-06
D001976,F32.9,Major depressive disorder single episode,Mental Health,High,2026-06-06
D001977,S72.001,Fracture of femoral head,Musculoskeletal,Low,2026-06-06
D001978,F32.9,Major depressive disorder single episode,Mental Health,Low,2026-06-06
D001979,E11.65,Type 2 diabetes with hyperglycemia,Endocrine,Critical,2026-06-06
D001980,I10,Essential hypertension,Cardiovascular,High,2026-06-06
D001981,G43.909,Migraine unspecified,Neurological,Low,2026-06-06
D001982,K92.1,Melena,Gastrointestinal,Low,2026-06-06
D001983,M79.3,Panniculitis,Musculoskeletal,Critical,2026-06-06
D001984,F32.9,Major depressive disorder single episode,Mental Health,Critical,2026-06-06
D001985,G35,Multiple sclerosis,Neurological,High,2026-06-06
D001986,B97.29,Other coronavirus as cause of disease,Infectious,High,2026-06-06
D001987,N39.0,Urinary tract infection,Renal,High,2026-06-06
D001988,J96.00,Acute respiratory failure unspecified,Respiratory,Low,2026-06-06
D001989,G43.909,Migraine unspecified,Neurological,High,2026-06-06
D001990,G35,Multiple sclerosis,Neurological,High,2026-06-06
D001991,I50.9,Heart failure unspecified,Cardiovascular,Critical,2026-06-06
D001992,G35,Multiple sclerosis,Neurological,Medium,2026-06-06
D001993,G35,Multiple sclerosis,Neurological,Low,2026-06-06
D001994,N39.0,Urinary tract infection,Renal,Low,2026-06-06
D001995,N39.0,Urinary tract infection,Renal,Critical,2026-06-06
D001996,I10,Essential hypertension,Cardiovascular,Medium,2026-06-06
D001997,F32.9,Major depressive disorder single episode,Mental Health,Low,2026-06-06
D001998,N18.3,Chronic kidney disease stage 3,Renal,High,2026-06-06
D001999,J44.1,COPD with acute exacerbation,Respiratory,High,2026-06-06
D002000,N18.3,Chronic kidney disease stage 3,Renal,High,2026-06-06
D002001,I21.0,ST elevation myocardial infarction,Cardiovascular,Low,2026-06-06
D002002,G43.909,Migraine unspecified,Neurological,Medium,2026-06-06
D002003,G35,Multiple sclerosis,Neurological,Medium,2026-06-06
D002004,S72.001,Fracture of femoral head,Musculoskeletal,High,2026-06-06
D002005,J96.00,Acute respiratory failure unspecified,Respiratory,High,2026-06-06
D002006,E11.65,Type 2 diabetes with hyperglycemia,Endocrine,Critical,2026-06-06
D002007,J96.00,Acute respiratory failure unspecified,Respiratory,Low,2026-06-06
D002008,K92.1,Melena,Gastrointestinal,Low,2026-06-06
D002009,J44.1,COPD with acute exacerbation,Respiratory,Medium,2026-06-06
D002010,M79.3,Panniculitis,Musculoskeletal,Critical,2026-06-06
D002011,A41.9,Sepsis unspecified,Infectious,Medium,2026-06-06
D002012,S72.001,Fracture of femoral head,Musculoskeletal,Medium,2026-06-06
D002013,E11.9,Type 2 diabetes without complications,Endocrine,High,2026-06-06
D002014,I50.9,Heart failure unspecified,Cardiovascular,High,2026-06-06
D002015,J18.9,Pneumonia unspecified,Respiratory,Low,2026-06-06
D002016,J96.00,Acute respiratory failure unspecified,Respiratory,Critical,2026-06-06
D002017,A41.9,Sepsis unspecified,Infectious,Critical,2026-06-06
D002018,N39.0,Urinary tract infection,Renal,Critical,2026-06-06
D002019,F41.1,Generalized anxiety disorder,Mental Health,Medium,2026-06-06
D002020,A41.9,Sepsis unspecified,Infectious,Critical,2026-06-06
D002021,M79.3,Panniculitis,Musculoskeletal,High,2026-06-06
D002022,J44.1,COPD with acute exacerbation,Respiratory,Critical,2026-06-06
D002023,I21.0,ST elevation myocardial infarction,Cardiovascular,High,2026-06-06
D002024,S72.001,Fracture of femoral head,Musculoskeletal,Critical,2026-06-06
D002025,K92.1,Melena,Gastrointestinal,Low,2026-06-06
D002026,J18.9,Pneumonia unspecified,Respiratory,High,2026-06-06
D002027,B97.29,Other coronavirus as cause of disease,Infectious,High,2026-06-06
D002028,K92.1,Melena,Gastrointestinal,High,2026-06-06
D002029,N18.3,Chronic kidney disease stage 3,Renal,Low,2026-06-06
D002030,N18.3,Chronic kidney disease stage 3,Renal,Critical,2026-06-06
D002031,S72.001,Fracture of femoral head,Musculoskeletal,Medium,2026-06-06
D002032,G35,Multiple sclerosis,Neurological,Medium,2026-06-06
D002033,F32.9,Major depressive disorder single episode,Mental Health,High,2026-06-06
D002034,J96.00,Acute respiratory failure unspecified,Respiratory,High,2026-06-06
D002035,F41.1,Generalized anxiety disorder,Mental Health,Low,2026-06-06
D002036,I21.0,ST elevation myocardial infarction,Cardiovascular,Low,2026-06-06
D002037,I21.0,ST elevation myocardial infarction,Cardiovascular,Critical,2026-06-06
D002038,J18.9,Pneumonia unspecified,Respiratory,Low,2026-06-06
D002039,S72.001,Fracture of femoral head,Musculoskeletal,High,2026-06-06
D002040,E11.65,Type 2 diabetes with hyperglycemia,Endocrine,High,2026-06-06
D002041,N18.3,Chronic kidney disease stage 3,Renal,Medium,2026-06-06
D002042,I50.9,Heart failure unspecified,Cardiovascular,Low,2026-06-06
D002043,G43.909,Migraine unspecified,Neurological,Low,2026-06-06
D002044,I50.9,Heart failure unspecified,Cardiovascular,Medium,2026-06-06
D002045,G43.909,Migraine unspecified,Neurological,Low,2026-06-06
D002046,J18.9,Pneumonia unspecified,Respiratory,Low,2026-06-06
D002047,G43.909,Migraine unspecified,Neurological,Medium,2026-06-06
D002048,A41.9,Sepsis unspecified,Infectious,Medium,2026-06-06
D002049,J18.9,Pneumonia unspecified,Respiratory,Medium,2026-06-06
D002050,N18.3,Chronic kidney disease stage 3,Renal,High,2026-06-06
D002051,S72.001,Fracture of femoral head,Musculoskeletal,Low,2026-06-06
D002052,S72.001,Fracture of femoral head,Musculoskeletal,High,2026-06-06
D002053,B97.29,Other coronavirus as cause of disease,Infectious,High,2026-06-06
D002054,N18.3,Chronic kidney disease stage 3,Renal,Medium,2026-06-06
D002055,I10,Essential hypertension,Cardiovascular,High,2026-06-06
D002056,I50.9,Heart failure unspecified,Cardiovascular,Critical,2026-06-06
D002057,A41.9,Sepsis unspecified,Infectious,High,2026-06-06
D002058,I50.9,Heart failure unspecified,Cardiovascular,High,2026-06-06
D002059,N18.3,Chronic kidney disease stage 3,Renal,Medium,2026-06-06
D002060,S72.001,Fracture of femoral head,Musculoskeletal,Low,2026-06-06
D002061,M79.3,Panniculitis,Musculoskeletal,Medium,2026-06-06
D002062,G43.909,Migraine unspecified,Neurological,Critical,2026-06-06
D002063,J96.00,Acute respiratory failure unspecified,Respiratory,Critical,2026-06-06
D002064,J18.9,Pneumonia unspecified,Respiratory,Medium,2026-06-06
D002065,F41.1,Generalized anxiety disorder,Mental Health,Critical,2026-06-06
D002066,E11.9,Type 2 diabetes without complications,Endocrine,Low,2026-06-06
D002067,S72.001,Fracture of femoral head,Musculoskeletal,High,2026-06-06
D002068,J18.9,Pneumonia unspecified,Respiratory,Low,2026-06-06
D002069,I10,Essential hypertension,Cardiovascular,Low,2026-06-06
D002070,G35,Multiple sclerosis,Neurological,High,2026-06-06
D002071,S72.001,Fracture of femoral head,Musculoskeletal,Low,2026-06-06
D002072,M79.3,Panniculitis,Musculoskeletal,Medium,2026-06-06
D002073,I21.0,ST elevation myocardial infarction,Cardiovascular,Low,2026-06-06
D002074,A41.9,Sepsis unspecified,Infectious,High,2026-06-06
D002075,J44.1,COPD with acute exacerbation,Respiratory,High,2026-06-06
D002076,A41.9,Sepsis unspecified,Infectious,Low,2026-06-06
D002077,F32.9,Major depressive disorder single episode,Mental Health,Critical,2026-06-06
D002078,M79.3,Panniculitis,Musculoskeletal,Critical,2026-06-06
D002079,A41.9,Sepsis unspecified,Infectious,Low,2026-06-06
D002080,F41.1,Generalized anxiety disorder,Mental Health,Medium,2026-06-06
D002081,I21.0,ST elevation myocardial infarction,Cardiovascular,Critical,2026-06-06
D002082,M79.3,Panniculitis,Musculoskeletal,Low,2026-06-06
D002083,G35,Multiple sclerosis,Neurological,High,2026-06-06
D002084,K92.1,Melena,Gastrointestinal,High,2026-06-06
D002085,A41.9,Sepsis unspecified,Infectious,Low,2026-06-06
D002086,I10,Essential hypertension,Cardiovascular,High,2026-06-06
D002087,F41.1,Generalized anxiety disorder,Mental Health,High,2026-06-06
D002088,I10,Essential hypertension,Cardiovascular,Critical,2026-06-06
D002089,N39.0,Urinary tract infection,Renal,Medium,2026-06-06
D002090,J96.00,Acute respiratory failure unspecified,Respiratory,Low,2026-06-06
D002091,A41.9,Sepsis unspecified,Infectious,Medium,2026-06-06
D002092,N39.0,Urinary tract infection,Renal,Critical,2026-06-06
D002093,J18.9,Pneumonia unspecified,Respiratory,High,2026-06-06
D002094,M79.3,Panniculitis,Musculoskeletal,Low,2026-06-06
D002095,S72.001,Fracture of femoral head,Musculoskeletal,Medium,2026-06-06
D002096,J44.1,COPD with acute exacerbation,Respiratory,Low,2026-06-06
D002097,E11.9,Type 2 diabetes without complications,Endocrine,Low,2026-06-06
D002098,G35,Multiple sclerosis,Neurological,Medium,2026-06-06
D002099,M79.3,Panniculitis,Musculoskeletal,Critical,2026-06-06
D002100,I10,Essential hypertension,Cardiovascular,High,2026-06-06
D002101,M79.3,Panniculitis,Musculoskeletal,Critical,2026-06-06
D002102,I21.0,ST elevation myocardial infarction,Cardiovascular,Low,2026-06-06
D002103,K92.1,Melena,Gastrointestinal,Low,2026-06-06
D002104,K92.1,Melena,Gastrointestinal,Low,2026-06-06
D002105,A41.9,Sepsis unspecified,Infectious,Low,2026-06-06
D002106,E11.9,Type 2 diabetes without complications,Endocrine,Critical,2026-06-06
D002107,F41.1,Generalized anxiety disorder,Mental Health,Medium,2026-06-06
D002108,G35,Multiple sclerosis,Neurological,Medium,2026-06-06
D002109,I10,Essential hypertension,Cardiovascular,Low,2026-06-06
D002110,J44.1,COPD with acute exacerbation,Respiratory,Critical,2026-06-06
D002111,I21.0,ST elevation myocardial infarction,Cardiovascular,Critical,2026-06-06
D002112,G43.909,Migraine unspecified,Neurological,Low,2026-06-06
D002113,E11.65,Type 2 diabetes with hyperglycemia,Endocrine,Medium,2026-06-06
D002114,I21.0,ST elevation myocardial infarction,Cardiovascular,Medium,2026-06-06
D002115,I50.9,Heart failure unspecified,Cardiovascular,High,2026-06-06
D002116,J18.9,Pneumonia unspecified,Respiratory,Critical,2026-06-06
D002117,G43.909,Migraine unspecified,Neurological,Medium,2026-06-06
D002118,G35,Multiple sclerosis,Neurological,Low,2026-06-06
D002119,J18.9,Pneumonia unspecified,Respiratory,Low,2026-06-06
D002120,M79.3,Panniculitis,Musculoskeletal,Medium,2026-06-06
D002121,I10,Essential hypertension,Cardiovascular,Medium,2026-06-06
D002122,B97.29,Other coronavirus as cause of disease,Infectious,High,2026-06-06
D002123,A41.9,Sepsis unspecified,Infectious,High,2026-06-06
D002124,J18.9,Pneumonia unspecified,Respiratory,Medium,2026-06-06
D002125,K92.1,Melena,Gastrointestinal,Medium,2026-06-06
D002126,I50.9,Heart failure unspecified,Cardiovascular,Medium,2026-06-06
D002127,K92.1,Melena,Gastrointestinal,Low,2026-06-06
D002128,J18.9,Pneumonia unspecified,Respiratory,High,2026-06-06
D002129,J44.1,COPD with acute exacerbation,Respiratory,Critical,2026-06-06
D002130,J96.00,Acute respiratory failure unspecified,Respiratory,High,2026-06-06
D002131,F41.1,Generalized anxiety disorder,Mental Health,Medium,2026-06-06
D002132,S72.001,Fracture of femoral head,Musculoskeletal,Medium,2026-06-06
D002133,G35,Multiple sclerosis,Neurological,Low,2026-06-06
D002134,J44.1,COPD with acute exacerbation,Respiratory,Low,2026-06-06
D002135,G43.909,Migraine unspecified,Neurological,Critical,2026-06-06
D002136,J96.00,Acute respiratory failure unspecified,Respiratory,Low,2026-06-06
D002137,M79.3,Panniculitis,Musculoskeletal,Low,2026-06-06
D002138,I21.0,ST elevation myocardial infarction,Cardiovascular,Low,2026-06-06
D002139,J96.00,Acute respiratory failure unspecified,Respiratory,Low,2026-06-06
D002140,G35,Multiple sclerosis,Neurological,High,2026-06-06
D002141,B97.29,Other coronavirus as cause of disease,Infectious,Critical,2026-06-06
D002142,J44.1,COPD with acute exacerbation,Respiratory,Medium,2026-06-06
D002143,J44.1,COPD with acute exacerbation,Respiratory,High,2026-06-06
D002144,F32.9,Major depressive disorder single episode,Mental Health,Critical,2026-06-06
D002145,B97.29,Other coronavirus as cause of disease,Infectious,Medium,2026-06-06
D002146,J96.00,Acute respiratory failure unspecified,Respiratory,Low,2026-06-06
D002147,G43.909,Migraine unspecified,Neurological,Medium,2026-06-06
D002148,M79.3,Panniculitis,Musculoskeletal,Low,2026-06-06
D002149,N39.0,Urinary tract infection,Renal,High,2026-06-06
D002150,B97.29,Other coronavirus as cause of disease,Infectious,Low,2026-06-06
D002151,F41.1,Generalized anxiety disorder,Mental Health,Medium,2026-06-06
D002152,E11.9,Type 2 diabetes without complications,Endocrine,Low,2026-06-06
D002153,F32.9,Major depressive disorder single episode,Mental Health,Low,2026-06-06
D002154,G43.909,Migraine unspecified,Neurological,High,2026-06-06
D002155,F41.1,Generalized anxiety disorder,Mental Health,Medium,2026-06-06
D002156,S72.001,Fracture of femoral head,Musculoskeletal,Medium,2026-06-06
D002157,N18.3,Chronic kidney disease stage 3,Renal,Low,2026-06-06
D002158,E11.9,Type 2 diabetes without complications,Endocrine,Low,2026-06-06
D002159,J44.1,COPD with acute exacerbation,Respiratory,Critical,2026-06-06
D002160,M79.3,Panniculitis,Musculoskeletal,Medium,2026-06-06
D002161,J96.00,Acute respiratory failure unspecified,Respiratory,Low,2026-06-06
D002162,I50.9,Heart failure unspecified,Cardiovascular,High,2026-06-06
D002163,N39.0,Urinary tract infection,Renal,Medium,2026-06-06
D002164,B97.29,Other coronavirus as cause of disease,Infectious,High,2026-06-06
D002165,K92.1,Melena,Gastrointestinal,Critical,2026-06-06
D002166,I50.9,Heart failure unspecified,Cardiovascular,Low,2026-06-06
D002167,I50.9,Heart failure unspecified,Cardiovascular,Medium,2026-06-06
D002168,J96.00,Acute respiratory failure unspecified,Respiratory,Low,2026-06-06
D002169,M79.3,Panniculitis,Musculoskeletal,Low,2026-06-06
D002170,I10,Essential hypertension,Cardiovascular,Medium,2026-06-06
D002171,S72.001,Fracture of femoral head,Musculoskeletal,High,2026-06-06
D002172,B97.29,Other coronavirus as cause of disease,Infectious,Medium,2026-06-06
D002173,K92.1,Melena,Gastrointestinal,Medium,2026-06-06
D002174,J18.9,Pneumonia unspecified,Respiratory,High,2026-06-06
D002175,E11.65,Type 2 diabetes with hyperglycemia,Endocrine,Low,2026-06-06
D002176,E11.65,Type 2 diabetes with hyperglycemia,Endocrine,Critical,2026-06-06
D002177,E11.9,Type 2 diabetes without complications,Endocrine,Critical,2026-06-06
D002178,E11.65,Type 2 diabetes with hyperglycemia,Endocrine,Low,2026-06-06
D002179,M79.3,Panniculitis,Musculoskeletal,Critical,2026-06-06
D002180,I50.9,Heart failure unspecified,Cardiovascular,Critical,2026-06-06
D002181,J44.1,COPD with acute exacerbation,Respiratory,Medium,2026-06-06
D002182,G43.909,Migraine unspecified,Neurological,Critical,2026-06-06
D002183,J96.00,Acute respiratory failure unspecified,Respiratory,Critical,2026-06-06
D002184,K57.30,Diverticulosis of large intestine,Gastrointestinal,Medium,2026-06-06
D002185,S72.001,Fracture of femoral head,Musculoskeletal,Medium,2026-06-06
D002186,K57.30,Diverticulosis of large intestine,Gastrointestinal,High,2026-06-06
D002187,E11.9,Type 2 diabetes without complications,Endocrine,High,2026-06-06
D002188,J44.1,COPD with acute exacerbation,Respiratory,Low,2026-06-06
D002189,G35,Multiple sclerosis,Neurological,Low,2026-06-06
D002190,N18.3,Chronic kidney disease stage 3,Renal,Medium,2026-06-06
D002191,J18.9,Pneumonia unspecified,Respiratory,Critical,2026-06-06
D002192,S72.001,Fracture of femoral head,Musculoskeletal,Critical,2026-06-06
D002193,J96.00,Acute respiratory failure unspecified,Respiratory,High,2026-06-06
D002194,E11.65,Type 2 diabetes with hyperglycemia,Endocrine,High,2026-06-06
D002195,G43.909,Migraine unspecified,Neurological,Medium,2026-06-06
D002196,G43.909,Migraine unspecified,Neurological,Medium,2026-06-06
D002197,G35,Multiple sclerosis,Neurological,Medium,2026-06-06
D002198,I10,Essential hypertension,Cardiovascular,Critical,2026-06-06
D002199,F32.9,Major depressive disorder single episode,Mental Health,Critical,2026-06-06
D002200,E11.9,Type 2 diabetes without complications,Endocrine,Critical,2026-06-06
D002201,S72.001,Fracture of femoral head,Musculoskeletal,High,2026-06-06
D002202,I21.0,ST elevation myocardial infarction,Cardiovascular,Critical,2026-06-06
D002203,E11.65,Type 2 diabetes with hyperglycemia,Endocrine,Medium,2026-06-06
D002204,K92.1,Melena,Gastrointestinal,Critical,2026-06-06
D002205,G35,Multiple sclerosis,Neurological,Medium,2026-06-06
D002206,G35,Multiple sclerosis,Neurological,Medium,2026-06-06
D002207,G35,Multiple sclerosis,Neurological,Low,2026-06-06
D002208,B97.29,Other coronavirus as cause of disease,Infectious,Low,2026-06-06
D002209,I50.9,Heart failure unspecified,Cardiovascular,Critical,2026-06-06
D002210,F32.9,Major depressive disorder single episode,Mental Health,Low,2026-06-06
D002211,B97.29,Other coronavirus as cause of disease,Infectious,Critical,2026-06-06
D002212,M79.3,Panniculitis,Musculoskeletal,Low,2026-06-06
D002213,S72.001,Fracture of femoral head,Musculoskeletal,Critical,2026-06-06
D002214,E11.65,Type 2 diabetes with hyperglycemia,Endocrine,Low,2026-06-06
D002215,F41.1,Generalized anxiety disorder,Mental Health,Low,2026-06-06
D002216,B97.29,Other coronavirus as cause of disease,Infectious,Medium,2026-06-06
D002217,J44.1,COPD with acute exacerbation,Respiratory,High,2026-06-06
D002218,N39.0,Urinary tract infection,Renal,Medium,2026-06-06
D002219,I10,Essential hypertension,Cardiovascular,Low,2026-06-06
D002220,M79.3,Panniculitis,Musculoskeletal,High,2026-06-06
D002221,J96.00,Acute respiratory failure unspecified,Respiratory,Critical,2026-06-06
D002222,G35,Multiple sclerosis,Neurological,Low,2026-06-06
D002223,S72.001,Fracture of femoral head,Musculoskeletal,Critical,2026-06-06
D002224,J44.1,COPD with acute exacerbation,Respiratory,Critical,2026-06-06
D002225,J96.00,Acute respiratory failure unspecified,Respiratory,High,2026-06-06
D002226,S72.001,Fracture of femoral head,Musculoskeletal,Low,2026-06-06
D002227,I10,Essential hypertension,Cardiovascular,Critical,2026-06-06
D002228,K92.1,Melena,Gastrointestinal,Low,2026-06-06
D002229,N39.0,Urinary tract infection,Renal,Critical,2026-06-06
D002230,N18.3,Chronic kidney disease stage 3,Renal,Medium,2026-06-06
D002231,I10,Essential hypertension,Cardiovascular,High,2026-06-06
D002232,I50.9,Heart failure unspecified,Cardiovascular,High,2026-06-06
D002233,I50.9,Heart failure unspecified,Cardiovascular,Low,2026-06-06
D002234,A41.9,Sepsis unspecified,Infectious,High,2026-06-06
D002235,S72.001,Fracture of femoral head,Musculoskeletal,Low,2026-06-06
D002236,K57.30,Diverticulosis of large intestine,Gastrointestinal,High,2026-06-06
D002237,J96.00,Acute respiratory failure unspecified,Respiratory,Low,2026-06-06
D002238,F41.1,Generalized anxiety disorder,Mental Health,Medium,2026-06-06
D002239,J44.1,COPD with acute exacerbation,Respiratory,High,2026-06-06
D002240,E11.65,Type 2 diabetes with hyperglycemia,Endocrine,Low,2026-06-06
D002241,M79.3,Panniculitis,Musculoskeletal,Medium,2026-06-06
D002242,E11.65,Type 2 diabetes with hyperglycemia,Endocrine,High,2026-06-06
D002243,K57.30,Diverticulosis of large intestine,Gastrointestinal,High,2026-06-06
D002244,F32.9,Major depressive disorder single episode,Mental Health,Critical,2026-06-06
D002245,N18.3,Chronic kidney disease stage 3,Renal,Low,2026-06-06
D002246,I10,Essential hypertension,Cardiovascular,High,2026-06-06
D002247,K57.30,Diverticulosis of large intestine,Gastrointestinal,Critical,2026-06-06
D002248,M79.3,Panniculitis,Musculoskeletal,Low,2026-06-06
D002249,M79.3,Panniculitis,Musculoskeletal,High,2026-06-06
D002250,S72.001,Fracture of femoral head,Musculoskeletal,High,2026-06-06
D002251,I10,Essential hypertension,Cardiovascular,Medium,2026-06-06
D002252,S72.001,Fracture of femoral head,Musculoskeletal,Low,2026-06-06
D002253,I10,Essential hypertension,Cardiovascular,Critical,2026-06-06
D002254,J96.00,Acute respiratory failure unspecified,Respiratory,High,2026-06-06
D002255,I10,Essential hypertension,Cardiovascular,Low,2026-06-06
D002256,J96.00,Acute respiratory failure unspecified,Respiratory,High,2026-06-06
D002257,J18.9,Pneumonia unspecified,Respiratory,Medium,2026-06-06
D002258,M79.3,Panniculitis,Musculoskeletal,Medium,2026-06-06
D002259,E11.9,Type 2 diabetes without complications,Endocrine,Low,2026-06-06
D002260,N39.0,Urinary tract infection,Renal,Critical,2026-06-06
D002261,F41.1,Generalized anxiety disorder,Mental Health,Medium,2026-06-06
D002262,M79.3,Panniculitis,Musculoskeletal,High,2026-06-06
D002263,B97.29,Other coronavirus as cause of disease,Infectious,Critical,2026-06-06
D002264,I21.0,ST elevation myocardial infarction,Cardiovascular,High,2026-06-06
D002265,E11.9,Type 2 diabetes without complications,Endocrine,Low,2026-06-06
D002266,I21.0,ST elevation myocardial infarction,Cardiovascular,Medium,2026-06-06
D002267,F32.9,Major depressive disorder single episode,Mental Health,High,2026-06-06
D002268,B97.29,Other coronavirus as cause of disease,Infectious,High,2026-06-06
D002269,K92.1,Melena,Gastrointestinal,Critical,2026-06-06
D002270,G35,Multiple sclerosis,Neurological,Critical,2026-06-06
D002271,S72.001,Fracture of femoral head,Musculoskeletal,High,2026-06-06
D002272,G35,Multiple sclerosis,Neurological,Medium,2026-06-06
D002273,N39.0,Urinary tract infection,Renal,Medium,2026-06-06
D002274,N18.3,Chronic kidney disease stage 3,Renal,Medium,2026-06-06
D002275,M79.3,Panniculitis,Musculoskeletal,High,2026-06-06
D002276,N39.0,Urinary tract infection,Renal,Low,2026-06-06
D002277,J44.1,COPD with acute exacerbation,Respiratory,High,2026-06-06
D002278,N39.0,Urinary tract infection,Renal,Critical,2026-06-06
D002279,J96.00,Acute respiratory failure unspecified,Respiratory,Medium,2026-06-06
D002280,F41.1,Generalized anxiety disorder,Mental Health,High,2026-06-06
D002281,J96.00,Acute respiratory failure unspecified,Respiratory,Medium,2026-06-06
D002282,J44.1,COPD with acute exacerbation,Respiratory,Medium,2026-06-06
D002283,E11.65,Type 2 diabetes with hyperglycemia,Endocrine,Low,2026-06-06
D002284,I50.9,Heart failure unspecified,Cardiovascular,High,2026-06-06
D002285,G35,Multiple sclerosis,Neurological,Medium,2026-06-06
D002286,S72.001,Fracture of femoral head,Musculoskeletal,High,2026-06-06
D002287,K57.30,Diverticulosis of large intestine,Gastrointestinal,Medium,2026-06-06
D002288,E11.9,Type 2 diabetes without complications,Endocrine,Low,2026-06-06
D002289,K92.1,Melena,Gastrointestinal,High,2026-06-06
D002290,J44.1,COPD with acute exacerbation,Respiratory,High,2026-06-06
D002291,S72.001,Fracture of femoral head,Musculoskeletal,Medium,2026-06-06
D002292,F41.1,Generalized anxiety disorder,Mental Health,High,2026-06-06
D002293,J18.9,Pneumonia unspecified,Respiratory,Low,2026-06-06
D002294,A41.9,Sepsis unspecified,Infectious,Critical,2026-06-06
D002295,J44.1,COPD with acute exacerbation,Respiratory,Critical,2026-06-06
D002296,K92.1,Melena,Gastrointestinal,Medium,2026-06-06
D002297,I21.0,ST elevation myocardial infarction,Cardiovascular,High,2026-06-06
D002298,N39.0,Urinary tract infection,Renal,Critical,2026-06-06
D002299,N39.0,Urinary tract infection,Renal,Medium,2026-06-06
D002300,G35,Multiple sclerosis,Neurological,Critical,2026-06-06
D002301,K92.1,Melena,Gastrointestinal,Low,2026-06-06
D002302,M79.3,Panniculitis,Musculoskeletal,Low,2026-06-06
D002303,J44.1,COPD with acute exacerbation,Respiratory,Low,2026-06-06
D002304,N39.0,Urinary tract infection,Renal,Low,2026-06-06
D002305,A41.9,Sepsis unspecified,Infectious,Medium,2026-06-06
D002306,S72.001,Fracture of femoral head,Musculoskeletal,High,2026-06-06
D002307,I10,Essential hypertension,Cardiovascular,High,2026-06-06
D002308,I50.9,Heart failure unspecified,Cardiovascular,Medium,2026-06-06
D002309,G35,Multiple sclerosis,Neurological,Medium,2026-06-06
D002310,N18.3,Chronic kidney disease stage 3,Renal,Medium,2026-06-06
D002311,I21.0,ST elevation myocardial infarction,Cardiovascular,Low,2026-06-06
D002312,F41.1,Generalized anxiety disorder,Mental Health,Critical,2026-06-06
D002313,I10,Essential hypertension,Cardiovascular,Critical,2026-06-06
D002314,E11.9,Type 2 diabetes without complications,Endocrine,Critical,2026-06-06
D002315,K92.1,Melena,Gastrointestinal,Low,2026-06-06
D002316,K57.30,Diverticulosis of large intestine,Gastrointestinal,Critical,2026-06-06
D002317,J44.1,COPD with acute exacerbation,Respiratory,Critical,2026-06-06
D002318,K57.30,Diverticulosis of large intestine,Gastrointestinal,Critical,2026-06-06
D002319,K57.30,Diverticulosis of large intestine,Gastrointestinal,Low,2026-06-06
D002320,N39.0,Urinary tract infection,Renal,High,2026-06-06
D002321,K57.30,Diverticulosis of large intestine,Gastrointestinal,High,2026-06-06
D002322,S72.001,Fracture of femoral head,Musculoskeletal,Low,2026-06-06
D002323,E11.9,Type 2 diabetes without complications,Endocrine,Critical,2026-06-06
D002324,B97.29,Other coronavirus as cause of disease,Infectious,Critical,2026-06-06
D002325,N39.0,Urinary tract infection,Renal,Medium,2026-06-06
D002326,B97.29,Other coronavirus as cause of disease,Infectious,Critical,2026-06-06
D002327,J44.1,COPD with acute exacerbation,Respiratory,Low,2026-06-06
D002328,J44.1,COPD with acute exacerbation,Respiratory,Medium,2026-06-06
D002329,N39.0,Urinary tract infection,Renal,Critical,2026-06-06
D002330,F32.9,Major depressive disorder single episode,Mental Health,High,2026-06-06
D002331,I10,Essential hypertension,Cardiovascular,Critical,2026-06-06
D002332,I10,Essential hypertension,Cardiovascular,Low,2026-06-06
D002333,B97.29,Other coronavirus as cause of disease,Infectious,High,2026-06-06
D002334,B97.29,Other coronavirus as cause of disease,Infectious,Medium,2026-06-06
D002335,F41.1,Generalized anxiety disorder,Mental Health,Critical,2026-06-06
D002336,G35,Multiple sclerosis,Neurological,Medium,2026-06-06
D002337,E11.9,Type 2 diabetes without complications,Endocrine,Medium,2026-06-06
D002338,A41.9,Sepsis unspecified,Infectious,High,2026-06-06
D002339,F41.1,Generalized anxiety disorder,Mental Health,Critical,2026-06-06
D002340,I50.9,Heart failure unspecified,Cardiovascular,High,2026-06-06
D002341,G35,Multiple sclerosis,Neurological,High,2026-06-06
D002342,M79.3,Panniculitis,Musculoskeletal,Critical,2026-06-06
D002343,E11.65,Type 2 diabetes with hyperglycemia,Endocrine,Low,2026-06-06
D002344,I21.0,ST elevation myocardial infarction,Cardiovascular,Medium,2026-06-06
D002345,N18.3,Chronic kidney disease stage 3,Renal,High,2026-06-06
D002346,M79.3,Panniculitis,Musculoskeletal,Low,2026-06-06
D002347,N39.0,Urinary tract infection,Renal,Critical,2026-06-06
D002348,J96.00,Acute respiratory failure unspecified,Respiratory,Critical,2026-06-06
D002349,E11.65,Type 2 diabetes with hyperglycemia,Endocrine,Low,2026-06-06
D002350,J18.9,Pneumonia unspecified,Respiratory,High,2026-06-06
D002351,M79.3,Panniculitis,Musculoskeletal,Low,2026-06-06
D002352,G43.909,Migraine unspecified,Neurological,High,2026-06-06
D002353,G35,Multiple sclerosis,Neurological,Critical,2026-06-06
D002354,G35,Multiple sclerosis,Neurological,Critical,2026-06-06
D002355,N18.3,Chronic kidney disease stage 3,Renal,Critical,2026-06-06
D002356,J18.9,Pneumonia unspecified,Respiratory,High,2026-06-06
D002357,F32.9,Major depressive disorder single episode,Mental Health,Low,2026-06-06
D002358,N18.3,Chronic kidney disease stage 3,Renal,Medium,2026-06-06
D002359,G35,Multiple sclerosis,Neurological,Low,2026-06-06
D002360,J44.1,COPD with acute exacerbation,Respiratory,High,2026-06-06
D002361,S72.001,Fracture of femoral head,Musculoskeletal,Medium,2026-06-06
D002362,K57.30,Diverticulosis of large intestine,Gastrointestinal,Medium,2026-06-06
D002363,I50.9,Heart failure unspecified,Cardiovascular,High,2026-06-06
D002364,K57.30,Diverticulosis of large intestine,Gastrointestinal,Critical,2026-06-06
D002365,K57.30,Diverticulosis of large intestine,Gastrointestinal,Low,2026-06-06
D002366,N39.0,Urinary tract infection,Renal,High,2026-06-06
D002367,F32.9,Major depressive disorder single episode,Mental Health,Low,2026-06-06
D002368,F32.9,Major depressive disorder single episode,Mental Health,Medium,2026-06-06
D002369,J96.00,Acute respiratory failure unspecified,Respiratory,Low,2026-06-06
D002370,G43.909,Migraine unspecified,Neurological,Medium,2026-06-06
D002371,F41.1,Generalized anxiety disorder,Mental Health,High,2026-06-06
D002372,K92.1,Melena,Gastrointestinal,High,2026-06-06
D002373,N18.3,Chronic kidney disease stage 3,Renal,High,2026-06-06
D002374,J18.9,Pneumonia unspecified,Respiratory,High,2026-06-06
D002375,J44.1,COPD with acute exacerbation,Respiratory,Low,2026-06-06
D002376,J44.1,COPD with acute exacerbation,Respiratory,High,2026-06-06
D002377,K57.30,Diverticulosis of large intestine,Gastrointestinal,Critical,2026-06-06
D002378,B97.29,Other coronavirus as cause of disease,Infectious,High,2026-06-06
D002379,J96.00,Acute respiratory failure unspecified,Respiratory,Low,2026-06-06
D002380,E11.9,Type 2 diabetes without complications,Endocrine,Medium,2026-06-06
D002381,F32.9,Major depressive disorder single episode,Mental Health,Medium,2026-06-06
D002382,E11.9,Type 2 diabetes without complications,Endocrine,Low,2026-06-06
D002383,B97.29,Other coronavirus as cause of disease,Infectious,Critical,2026-06-06
D002384,I10,Essential hypertension,Cardiovascular,Low,2026-06-06
D002385,J44.1,COPD with acute exacerbation,Respiratory,Low,2026-06-06
D002386,M79.3,Panniculitis,Musculoskeletal,High,2026-06-06
D002387,N39.0,Urinary tract infection,Renal,High,2026-06-06
D002388,J44.1,COPD with acute exacerbation,Respiratory,Critical,2026-06-06
D002389,G43.909,Migraine unspecified,Neurological,High,2026-06-06
D002390,J96.00,Acute respiratory failure unspecified,Respiratory,High,2026-06-06
D002391,I21.0,ST elevation myocardial infarction,Cardiovascular,Low,2026-06-06
D002392,E11.65,Type 2 diabetes with hyperglycemia,Endocrine,Medium,2026-06-06
D002393,J44.1,COPD with acute exacerbation,Respiratory,Medium,2026-06-06
D002394,N39.0,Urinary tract infection,Renal,Medium,2026-06-06
D002395,E11.9,Type 2 diabetes without complications,Endocrine,Medium,2026-06-06
D002396,I10,Essential hypertension,Cardiovascular,Critical,2026-06-06
D002397,J18.9,Pneumonia unspecified,Respiratory,Low,2026-06-06
D002398,I21.0,ST elevation myocardial infarction,Cardiovascular,Critical,2026-06-06
D002399,B97.29,Other coronavirus as cause of disease,Infectious,Low,2026-06-06
D002400,E11.9,Type 2 diabetes without complications,Endocrine,Low,2026-06-06
D002401,I50.9,Heart failure unspecified,Cardiovascular,Low,2026-06-06
D002402,M79.3,Panniculitis,Musculoskeletal,Low,2026-06-06
D002403,N18.3,Chronic kidney disease stage 3,Renal,Low,2026-06-06
D002404,I10,Essential hypertension,Cardiovascular,High,2026-06-06
D002405,I21.0,ST elevation myocardial infarction,Cardiovascular,Low,2026-06-06
D002406,J18.9,Pneumonia unspecified,Respiratory,Medium,2026-06-06
D002407,G35,Multiple sclerosis,Neurological,Medium,2026-06-06
D002408,J96.00,Acute respiratory failure unspecified,Respiratory,High,2026-06-06
D002409,I21.0,ST elevation myocardial infarction,Cardiovascular,Low,2026-06-06
D002410,J44.1,COPD with acute exacerbation,Respiratory,High,2026-06-06
D002411,G35,Multiple sclerosis,Neurological,High,2026-06-06
D002412,K57.30,Diverticulosis of large intestine,Gastrointestinal,Medium,2026-06-06
D002413,F32.9,Major depressive disorder single episode,Mental Health,Medium,2026-06-06
D002414,F32.9,Major depressive disorder single episode,Mental Health,Low,2026-06-06
D002415,J18.9,Pneumonia unspecified,Respiratory,Low,2026-06-06
D002416,F32.9,Major depressive disorder single episode,Mental Health,Medium,2026-06-06
D002417,E11.9,Type 2 diabetes without complications,Endocrine,High,2026-06-06
D002418,J96.00,Acute respiratory failure unspecified,Respiratory,Low,2026-06-06
D002419,J18.9,Pneumonia unspecified,Respiratory,Medium,2026-06-06
D002420,F32.9,Major depressive disorder single episode,Mental Health,Critical,2026-06-06
D002421,K57.30,Diverticulosis of large intestine,Gastrointestinal,Medium,2026-06-06
D002422,S72.001,Fracture of femoral head,Musculoskeletal,Low,2026-06-06
D002423,J96.00,Acute respiratory failure unspecified,Respiratory,High,2026-06-06
D002424,A41.9,Sepsis unspecified,Infectious,Critical,2026-06-06
D002425,E11.9,Type 2 diabetes without complications,Endocrine,Medium,2026-06-06
D002426,B97.29,Other coronavirus as cause of disease,Infectious,Low,2026-06-06
D002427,K92.1,Melena,Gastrointestinal,Low,2026-06-06
D002428,S72.001,Fracture of femoral head,Musculoskeletal,Low,2026-06-06
D002429,F32.9,Major depressive disorder single episode,Mental Health,Medium,2026-06-06
D002430,M79.3,Panniculitis,Musculoskeletal,High,2026-06-06
D002431,N39.0,Urinary tract infection,Renal,Low,2026-06-06
D002432,I10,Essential hypertension,Cardiovascular,High,2026-06-06
D002433,M79.3,Panniculitis,Musculoskeletal,Low,2026-06-06
D002434,A41.9,Sepsis unspecified,Infectious,High,2026-06-06
D002435,S72.001,Fracture of femoral head,Musculoskeletal,High,2026-06-06
D002436,S72.001,Fracture of femoral head,Musculoskeletal,Medium,2026-06-06
D002437,F41.1,Generalized anxiety disorder,Mental Health,Critical,2026-06-06
D002438,N39.0,Urinary tract infection,Renal,Critical,2026-06-06
D002439,E11.9,Type 2 diabetes without complications,Endocrine,Low,2026-06-06
D002440,M79.3,Panniculitis,Musculoskeletal,High,2026-06-06
D002441,J96.00,Acute respiratory failure unspecified,Respiratory,Low,2026-06-06
D002442,M79.3,Panniculitis,Musculoskeletal,Low,2026-06-06
D002443,A41.9,Sepsis unspecified,Infectious,Critical,2026-06-06
D002444,F32.9,Major depressive disorder single episode,Mental Health,Low,2026-06-06
D002445,J18.9,Pneumonia unspecified,Respiratory,Medium,2026-06-06
D002446,A41.9,Sepsis unspecified,Infectious,Critical,2026-06-06
D002447,G35,Multiple sclerosis,Neurological,Low,2026-06-06
D002448,J96.00,Acute respiratory failure unspecified,Respiratory,Low,2026-06-06
D002449,K57.30,Diverticulosis of large intestine,Gastrointestinal,Medium,2026-06-06
D002450,K92.1,Melena,Gastrointestinal,Medium,2026-06-06
D002451,G43.909,Migraine unspecified,Neurological,Critical,2026-06-06
D002452,J18.9,Pneumonia unspecified,Respiratory,Medium,2026-06-06
D002453,B97.29,Other coronavirus as cause of disease,Infectious,Critical,2026-06-06
D002454,N18.3,Chronic kidney disease stage 3,Renal,High,2026-06-06
D002455,A41.9,Sepsis unspecified,Infectious,High,2026-06-06
D002456,M79.3,Panniculitis,Musculoskeletal,Critical,2026-06-06
D002457,M79.3,Panniculitis,Musculoskeletal,High,2026-06-06
D002458,J44.1,COPD with acute exacerbation,Respiratory,Critical,2026-06-06
D002459,J18.9,Pneumonia unspecified,Respiratory,Low,2026-06-06
D002460,N18.3,Chronic kidney disease stage 3,Renal,Critical,2026-06-06
D002461,M79.3,Panniculitis,Musculoskeletal,Medium,2026-06-06
D002462,J44.1,COPD with acute exacerbation,Respiratory,Low,2026-06-06
D002463,J18.9,Pneumonia unspecified,Respiratory,Low,2026-06-06
D002464,I10,Essential hypertension,Cardiovascular,Critical,2026-06-06
D002465,I21.0,ST elevation myocardial infarction,Cardiovascular,Medium,2026-06-06
D002466,A41.9,Sepsis unspecified,Infectious,High,2026-06-06
D002467,J44.1,COPD with acute exacerbation,Respiratory,High,2026-06-06
D002468,G43.909,Migraine unspecified,Neurological,Low,2026-06-06
D002469,I10,Essential hypertension,Cardiovascular,Critical,2026-06-06
D002470,S72.001,Fracture of femoral head,Musculoskeletal,Medium,2026-06-06
D002471,N39.0,Urinary tract infection,Renal,Critical,2026-06-06
D002472,M79.3,Panniculitis,Musculoskeletal,High,2026-06-06
D002473,F41.1,Generalized anxiety disorder,Mental Health,High,2026-06-06
D002474,F41.1,Generalized anxiety disorder,Mental Health,Low,2026-06-06
D002475,I50.9,Heart failure unspecified,Cardiovascular,Critical,2026-06-06
D002476,J18.9,Pneumonia unspecified,Respiratory,Critical,2026-06-06
D002477,S72.001,Fracture of femoral head,Musculoskeletal,High,2026-06-06
D002478,A41.9,Sepsis unspecified,Infectious,Critical,2026-06-06
D002479,S72.001,Fracture of femoral head,Musculoskeletal,Low,2026-06-06
D002480,I50.9,Heart failure unspecified,Cardiovascular,Medium,2026-06-06
D002481,F41.1,Generalized anxiety disorder,Mental Health,High,2026-06-06
D002482,J96.00,Acute respiratory failure unspecified,Respiratory,Critical,2026-06-06
D002483,B97.29,Other coronavirus as cause of disease,Infectious,Medium,2026-06-06
D002484,N39.0,Urinary tract infection,Renal,Critical,2026-06-06
D002485,M79.3,Panniculitis,Musculoskeletal,Low,2026-06-06
D002486,G35,Multiple sclerosis,Neurological,Critical,2026-06-06
D002487,F41.1,Generalized anxiety disorder,Mental Health,Critical,2026-06-06
D002488,M79.3,Panniculitis,Musculoskeletal,Medium,2026-06-06
D002489,F32.9,Major depressive disorder single episode,Mental Health,Low,2026-06-06
D002490,A41.9,Sepsis unspecified,Infectious,High,2026-06-06
D002491,M79.3,Panniculitis,Musculoskeletal,Critical,2026-06-06
D002492,G43.909,Migraine unspecified,Neurological,High,2026-06-06
D002493,N39.0,Urinary tract infection,Renal,High,2026-06-06
D002494,I50.9,Heart failure unspecified,Cardiovascular,Low,2026-06-06
D002495,G35,Multiple sclerosis,Neurological,Low,2026-06-06
D002496,J44.1,COPD with acute exacerbation,Respiratory,High,2026-06-06
D002497,K57.30,Diverticulosis of large intestine,Gastrointestinal,Low,2026-06-06
D002498,K92.1,Melena,Gastrointestinal,Critical,2026-06-06
D002499,J18.9,Pneumonia unspecified,Respiratory,Critical,2026-06-06
D002500,K57.30,Diverticulosis of large intestine,Gastrointestinal,High,2026-06-06
D002501,B97.29,Other coronavirus as cause of disease,Infectious,High,2026-06-06
D002502,I50.9,Heart failure unspecified,Cardiovascular,Medium,2026-06-06
D002503,E11.65,Type 2 diabetes with hyperglycemia,Endocrine,Medium,2026-06-06
D002504,N39.0,Urinary tract infection,Renal,Low,2026-06-06
D002505,I10,Essential hypertension,Cardiovascular,High,2026-06-06
D002506,J18.9,Pneumonia unspecified,Respiratory,High,2026-06-06
D002507,J96.00,Acute respiratory failure unspecified,Respiratory,Low,2026-06-06
D002508,F41.1,Generalized anxiety disorder,Mental Health,High,2026-06-06
D002509,I50.9,Heart failure unspecified,Cardiovascular,Critical,2026-06-06
D002510,B97.29,Other coronavirus as cause of disease,Infectious,Critical,2026-06-06
D002511,N18.3,Chronic kidney disease stage 3,Renal,Low,2026-06-06
D002512,M79.3,Panniculitis,Musculoskeletal,Low,2026-06-06
D002513,K92.1,Melena,Gastrointestinal,Critical,2026-06-06
D002514,G35,Multiple sclerosis,Neurological,Critical,2026-06-06
D002515,K92.1,Melena,Gastrointestinal,Low,2026-06-06
D002516,M79.3,Panniculitis,Musculoskeletal,Low,2026-06-06
D002517,E11.9,Type 2 diabetes without complications,Endocrine,High,2026-06-06
D002518,M79.3,Panniculitis,Musculoskeletal,High,2026-06-06
D002519,J96.00,Acute respiratory failure unspecified,Respiratory,High,2026-06-06
D002520,K57.30,Diverticulosis of large intestine,Gastrointestinal,Critical,2026-06-06
D002521,E11.9,Type 2 diabetes without complications,Endocrine,Critical,2026-06-06
D002522,I10,Essential hypertension,Cardiovascular,Medium,2026-06-06
D002523,N39.0,Urinary tract infection,Renal,High,2026-06-06
D002524,I50.9,Heart failure unspecified,Cardiovascular,High,2026-06-06
D002525,G35,Multiple sclerosis,Neurological,Critical,2026-06-06
D002526,E11.65,Type 2 diabetes with hyperglycemia,Endocrine,Low,2026-06-06
D002527,G35,Multiple sclerosis,Neurological,Low,2026-06-06
D002528,G35,Multiple sclerosis,Neurological,High,2026-06-06
D002529,N18.3,Chronic kidney disease stage 3,Renal,Low,2026-06-06
D002530,G35,Multiple sclerosis,Neurological,Critical,2026-06-06
D002531,B97.29,Other coronavirus as cause of disease,Infectious,Medium,2026-06-06
D002532,K57.30,Diverticulosis of large intestine,Gastrointestinal,Low,2026-06-06
D002533,N39.0,Urinary tract infection,Renal,High,2026-06-06
D002534,B97.29,Other coronavirus as cause of disease,Infectious,High,2026-06-06
D002535,E11.9,Type 2 diabetes without complications,Endocrine,Critical,2026-06-06
D002536,A41.9,Sepsis unspecified,Infectious,High,2026-06-06
D002537,G43.909,Migraine unspecified,Neurological,Critical,2026-06-06
D002538,F41.1,Generalized anxiety disorder,Mental Health,Medium,2026-06-06
D002539,I21.0,ST elevation myocardial infarction,Cardiovascular,Medium,2026-06-06
D002540,G35,Multiple sclerosis,Neurological,Critical,2026-06-06
D002541,E11.9,Type 2 diabetes without complications,Endocrine,Critical,2026-06-06
D002542,N18.3,Chronic kidney disease stage 3,Renal,Critical,2026-06-06
D002543,G35,Multiple sclerosis,Neurological,Low,2026-06-06
D002544,F32.9,Major depressive disorder single episode,Mental Health,Medium,2026-06-06
D002545,K57.30,Diverticulosis of large intestine,Gastrointestinal,Critical,2026-06-06
D002546,J44.1,COPD with acute exacerbation,Respiratory,Medium,2026-06-06
D002547,J44.1,COPD with acute exacerbation,Respiratory,High,2026-06-06
D002548,B97.29,Other coronavirus as cause of disease,Infectious,Critical,2026-06-06
D002549,K92.1,Melena,Gastrointestinal,Low,2026-06-06
D002550,E11.9,Type 2 diabetes without complications,Endocrine,Critical,2026-06-06
D002551,N18.3,Chronic kidney disease stage 3,Renal,High,2026-06-06
D002552,J96.00,Acute respiratory failure unspecified,Respiratory,High,2026-06-06
D002553,G43.909,Migraine unspecified,Neurological,Medium,2026-06-06
D002554,A41.9,Sepsis unspecified,Infectious,Medium,2026-06-06
D002555,J18.9,Pneumonia unspecified,Respiratory,Medium,2026-06-06
D002556,E11.9,Type 2 diabetes without complications,Endocrine,Low,2026-06-06
D002557,E11.65,Type 2 diabetes with hyperglycemia,Endocrine,High,2026-06-06
D002558,S72.001,Fracture of femoral head,Musculoskeletal,Critical,2026-06-06
D002559,F41.1,Generalized anxiety disorder,Mental Health,Critical,2026-06-06
D002560,B97.29,Other coronavirus as cause of disease,Infectious,Low,2026-06-06
D002561,E11.9,Type 2 diabetes without complications,Endocrine,Medium,2026-06-06
D002562,N18.3,Chronic kidney disease stage 3,Renal,Medium,2026-06-06
D002563,I21.0,ST elevation myocardial infarction,Cardiovascular,High,2026-06-06
D002564,N18.3,Chronic kidney disease stage 3,Renal,Medium,2026-06-06
D002565,I50.9,Heart failure unspecified,Cardiovascular,Critical,2026-06-06
D002566,I21.0,ST elevation myocardial infarction,Cardiovascular,Low,2026-06-06
D002567,I10,Essential hypertension,Cardiovascular,High,2026-06-06
D002568,G43.909,Migraine unspecified,Neurological,High,2026-06-06
D002569,I10,Essential hypertension,Cardiovascular,Critical,2026-06-06
D002570,K57.30,Diverticulosis of large intestine,Gastrointestinal,Low,2026-06-06
D002571,A41.9,Sepsis unspecified,Infectious,Medium,2026-06-06
D002572,E11.65,Type 2 diabetes with hyperglycemia,Endocrine,Low,2026-06-06
D002573,G35,Multiple sclerosis,Neurological,Low,2026-06-06
D002574,F32.9,Major depressive disorder single episode,Mental Health,High,2026-06-06
D002575,M79.3,Panniculitis,Musculoskeletal,Low,2026-06-06
D002576,E11.65,Type 2 diabetes with hyperglycemia,Endocrine,Low,2026-06-06
D002577,K92.1,Melena,Gastrointestinal,High,2026-06-06
D002578,G35,Multiple sclerosis,Neurological,Critical,2026-06-06
D002579,E11.65,Type 2 diabetes with hyperglycemia,Endocrine,Critical,2026-06-06
D002580,E11.9,Type 2 diabetes without complications,Endocrine,Medium,2026-06-06
D002581,J18.9,Pneumonia unspecified,Respiratory,Medium,2026-06-06
D002582,E11.9,Type 2 diabetes without complications,Endocrine,High,2026-06-06
D002583,S72.001,Fracture of femoral head,Musculoskeletal,Critical,2026-06-06
D002584,N18.3,Chronic kidney disease stage 3,Renal,Low,2026-06-06
D002585,M79.3,Panniculitis,Musculoskeletal,High,2026-06-06
D002586,J18.9,Pneumonia unspecified,Respiratory,High,2026-06-06
D002587,F41.1,Generalized anxiety disorder,Mental Health,Critical,2026-06-06
D002588,M79.3,Panniculitis,Musculoskeletal,Medium,2026-06-06
D002589,N18.3,Chronic kidney disease stage 3,Renal,Medium,2026-06-06
D002590,K57.30,Diverticulosis of large intestine,Gastrointestinal,Critical,2026-06-06
D002591,K57.30,Diverticulosis of large intestine,Gastrointestinal,High,2026-06-06
D002592,I21.0,ST elevation myocardial infarction,Cardiovascular,Low,2026-06-06
D002593,I50.9,Heart failure unspecified,Cardiovascular,Medium,2026-06-06
D002594,N18.3,Chronic kidney disease stage 3,Renal,Critical,2026-06-06
D002595,N39.0,Urinary tract infection,Renal,High,2026-06-06
D002596,J18.9,Pneumonia unspecified,Respiratory,Medium,2026-06-06
D002597,S72.001,Fracture of femoral head,Musculoskeletal,Critical,2026-06-06
D002598,I21.0,ST elevation myocardial infarction,Cardiovascular,Critical,2026-06-06
D002599,N18.3,Chronic kidney disease stage 3,Renal,High,2026-06-06
D002600,I10,Essential hypertension,Cardiovascular,Medium,2026-06-06
D002601,N39.0,Urinary tract infection,Renal,Medium,2026-06-06
D002602,J96.00,Acute respiratory failure unspecified,Respiratory,Critical,2026-06-06
D002603,K92.1,Melena,Gastrointestinal,Critical,2026-06-06
D002604,I50.9,Heart failure unspecified,Cardiovascular,High,2026-06-06
D002605,I10,Essential hypertension,Cardiovascular,Critical,2026-06-06
D002606,M79.3,Panniculitis,Musculoskeletal,Critical,2026-06-06
D002607,K92.1,Melena,Gastrointestinal,Critical,2026-06-06
D002608,J18.9,Pneumonia unspecified,Respiratory,Medium,2026-06-06
D002609,N18.3,Chronic kidney disease stage 3,Renal,Low,2026-06-06
D002610,K57.30,Diverticulosis of large intestine,Gastrointestinal,Critical,2026-06-06
D002611,G43.909,Migraine unspecified,Neurological,High,2026-06-06
D002612,S72.001,Fracture of femoral head,Musculoskeletal,Low,2026-06-06
D002613,I50.9,Heart failure unspecified,Cardiovascular,Medium,2026-06-06
D002614,S72.001,Fracture of femoral head,Musculoskeletal,Medium,2026-06-06
D002615,I21.0,ST elevation myocardial infarction,Cardiovascular,Critical,2026-06-06
D002616,E11.9,Type 2 diabetes without complications,Endocrine,High,2026-06-06
D002617,K92.1,Melena,Gastrointestinal,Low,2026-06-06
D002618,J18.9,Pneumonia unspecified,Respiratory,Medium,2026-06-06
D002619,E11.65,Type 2 diabetes with hyperglycemia,Endocrine,Medium,2026-06-06
D002620,G43.909,Migraine unspecified,Neurological,Critical,2026-06-06
D002621,K92.1,Melena,Gastrointestinal,Critical,2026-06-06
D002622,M79.3,Panniculitis,Musculoskeletal,Medium,2026-06-06
D002623,N18.3,Chronic kidney disease stage 3,Renal,Medium,2026-06-06
D002624,G35,Multiple sclerosis,Neurological,High,2026-06-06
D002625,N39.0,Urinary tract infection,Renal,Medium,2026-06-06
D002626,I10,Essential hypertension,Cardiovascular,Critical,2026-06-06
D002627,K57.30,Diverticulosis of large intestine,Gastrointestinal,Medium,2026-06-06
D002628,A41.9,Sepsis unspecified,Infectious,Critical,2026-06-06
D002629,G35,Multiple sclerosis,Neurological,Medium,2026-06-06
D002630,I21.0,ST elevation myocardial infarction,Cardiovascular,Low,2026-06-06
D002631,F41.1,Generalized anxiety disorder,Mental Health,Medium,2026-06-06
D002632,I10,Essential hypertension,Cardiovascular,Critical,2026-06-06
D002633,E11.9,Type 2 diabetes without complications,Endocrine,High,2026-06-06
D002634,J96.00,Acute respiratory failure unspecified,Respiratory,Low,2026-06-06
D002635,A41.9,Sepsis unspecified,Infectious,Critical,2026-06-06
D002636,G43.909,Migraine unspecified,Neurological,High,2026-06-06
D002637,J44.1,COPD with acute exacerbation,Respiratory,Low,2026-06-06
D002638,K57.30,Diverticulosis of large intestine,Gastrointestinal,Medium,2026-06-06
D002639,G35,Multiple sclerosis,Neurological,Low,2026-06-06
D002640,I21.0,ST elevation myocardial infarction,Cardiovascular,Critical,2026-06-06
D002641,S72.001,Fracture of femoral head,Musculoskeletal,Critical,2026-06-06
D002642,J18.9,Pneumonia unspecified,Respiratory,Medium,2026-06-06
D002643,E11.9,Type 2 diabetes without complications,Endocrine,Medium,2026-06-06
D002644,N18.3,Chronic kidney disease stage 3,Renal,High,2026-06-06
D002645,M79.3,Panniculitis,Musculoskeletal,Critical,2026-06-06
D002646,J44.1,COPD with acute exacerbation,Respiratory,Critical,2026-06-06
D002647,E11.9,Type 2 diabetes without complications,Endocrine,Medium,2026-06-06
D002648,N39.0,Urinary tract infection,Renal,Medium,2026-06-06
D002649,B97.29,Other coronavirus as cause of disease,Infectious,Medium,2026-06-06
D002650,B97.29,Other coronavirus as cause of disease,Infectious,Medium,2026-06-06
D002651,I21.0,ST elevation myocardial infarction,Cardiovascular,High,2026-06-06
D002652,N18.3,Chronic kidney disease stage 3,Renal,Medium,2026-06-06
D002653,G43.909,Migraine unspecified,Neurological,Critical,2026-06-06
D002654,E11.65,Type 2 diabetes with hyperglycemia,Endocrine,High,2026-06-06
D002655,G35,Multiple sclerosis,Neurological,Critical,2026-06-06
D002656,I10,Essential hypertension,Cardiovascular,Low,2026-06-06
D002657,M79.3,Panniculitis,Musculoskeletal,Medium,2026-06-06
D002658,K92.1,Melena,Gastrointestinal,Critical,2026-06-06
D002659,E11.9,Type 2 diabetes without complications,Endocrine,Critical,2026-06-06
D002660,B97.29,Other coronavirus as cause of disease,Infectious,High,2026-06-06
D002661,I10,Essential hypertension,Cardiovascular,Low,2026-06-06
D002662,F41.1,Generalized anxiety disorder,Mental Health,Low,2026-06-06
D002663,I50.9,Heart failure unspecified,Cardiovascular,High,2026-06-06
D002664,E11.65,Type 2 diabetes with hyperglycemia,Endocrine,Critical,2026-06-06
D002665,K57.30,Diverticulosis of large intestine,Gastrointestinal,Low,2026-06-06
D002666,I21.0,ST elevation myocardial infarction,Cardiovascular,High,2026-06-06
D002667,F32.9,Major depressive disorder single episode,Mental Health,Critical,2026-06-06
D002668,N39.0,Urinary tract infection,Renal,Critical,2026-06-06
D002669,K57.30,Diverticulosis of large intestine,Gastrointestinal,Medium,2026-06-06
D002670,F41.1,Generalized anxiety disorder,Mental Health,Low,2026-06-06
D002671,G35,Multiple sclerosis,Neurological,Medium,2026-06-06
D002672,N18.3,Chronic kidney disease stage 3,Renal,Medium,2026-06-06
D002673,F32.9,Major depressive disorder single episode,Mental Health,Critical,2026-06-06
D002674,K92.1,Melena,Gastrointestinal,Critical,2026-06-06
D002675,J44.1,COPD with acute exacerbation,Respiratory,Low,2026-06-06
D002676,K92.1,Melena,Gastrointestinal,Critical,2026-06-06
D002677,J44.1,COPD with acute exacerbation,Respiratory,High,2026-06-06
D002678,J18.9,Pneumonia unspecified,Respiratory,High,2026-06-06
D002679,I50.9,Heart failure unspecified,Cardiovascular,Medium,2026-06-06
D002680,M79.3,Panniculitis,Musculoskeletal,High,2026-06-06
D002681,K57.30,Diverticulosis of large intestine,Gastrointestinal,Critical,2026-06-06
D002682,N39.0,Urinary tract infection,Renal,High,2026-06-06
D002683,G43.909,Migraine unspecified,Neurological,High,2026-06-06
D002684,F32.9,Major depressive disorder single episode,Mental Health,High,2026-06-06
D002685,B97.29,Other coronavirus as cause of disease,Infectious,Medium,2026-06-06
D002686,K92.1,Melena,Gastrointestinal,Critical,2026-06-06
D002687,J44.1,COPD with acute exacerbation,Respiratory,Critical,2026-06-06
D002688,I50.9,Heart failure unspecified,Cardiovascular,Medium,2026-06-06
D002689,J44.1,COPD with acute exacerbation,Respiratory,Low,2026-06-06
D002690,E11.65,Type 2 diabetes with hyperglycemia,Endocrine,Medium,2026-06-06
D002691,I50.9,Heart failure unspecified,Cardiovascular,Critical,2026-06-06
D002692,N18.3,Chronic kidney disease stage 3,Renal,Medium,2026-06-06
D002693,S72.001,Fracture of femoral head,Musculoskeletal,Critical,2026-06-06
D002694,J18.9,Pneumonia unspecified,Respiratory,Critical,2026-06-06
D002695,I50.9,Heart failure unspecified,Cardiovascular,Critical,2026-06-06
D002696,K57.30,Diverticulosis of large intestine,Gastrointestinal,Critical,2026-06-06
D002697,S72.001,Fracture of femoral head,Musculoskeletal,Critical,2026-06-06
D002698,J18.9,Pneumonia unspecified,Respiratory,Medium,2026-06-06
D002699,J18.9,Pneumonia unspecified,Respiratory,High,2026-06-06
D002700,I10,Essential hypertension,Cardiovascular,Medium,2026-06-06
D002701,N39.0,Urinary tract infection,Renal,Medium,2026-06-06
D002702,J96.00,Acute respiratory failure unspecified,Respiratory,High,2026-06-06
D002703,G35,Multiple sclerosis,Neurological,Medium,2026-06-06
D002704,G35,Multiple sclerosis,Neurological,Low,2026-06-06
D002705,F32.9,Major depressive disorder single episode,Mental Health,Medium,2026-06-06
D002706,B97.29,Other coronavirus as cause of disease,Infectious,Low,2026-06-06
D002707,E11.65,Type 2 diabetes with hyperglycemia,Endocrine,Critical,2026-06-06
D002708,J18.9,Pneumonia unspecified,Respiratory,High,2026-06-06
D002709,I21.0,ST elevation myocardial infarction,Cardiovascular,High,2026-06-06
D002710,J18.9,Pneumonia unspecified,Respiratory,Critical,2026-06-06
D002711,K57.30,Diverticulosis of large intestine,Gastrointestinal,Low,2026-06-06
D002712,K92.1,Melena,Gastrointestinal,Medium,2026-06-06
D002713,I21.0,ST elevation myocardial infarction,Cardiovascular,Low,2026-06-06
D002714,S72.001,Fracture of femoral head,Musculoskeletal,Critical,2026-06-06
D002715,S72.001,Fracture of femoral head,Musculoskeletal,High,2026-06-06
D002716,G43.909,Migraine unspecified,Neurological,Low,2026-06-06
D002717,K92.1,Melena,Gastrointestinal,Low,2026-06-06
D002718,G43.909,Migraine unspecified,Neurological,Critical,2026-06-06
D002719,K92.1,Melena,Gastrointestinal,Medium,2026-06-06
D002720,E11.9,Type 2 diabetes without complications,Endocrine,Low,2026-06-06
D002721,N39.0,Urinary tract infection,Renal,High,2026-06-06
D002722,I50.9,Heart failure unspecified,Cardiovascular,Low,2026-06-06
D002723,F41.1,Generalized anxiety disorder,Mental Health,Critical,2026-06-06
D002724,I10,Essential hypertension,Cardiovascular,Critical,2026-06-06
D002725,N18.3,Chronic kidney disease stage 3,Renal,Medium,2026-06-06
D002726,E11.65,Type 2 diabetes with hyperglycemia,Endocrine,Critical,2026-06-06
D002727,I10,Essential hypertension,Cardiovascular,Low,2026-06-06
D002728,E11.9,Type 2 diabetes without complications,Endocrine,Medium,2026-06-06
D002729,A41.9,Sepsis unspecified,Infectious,Critical,2026-06-06
D002730,N39.0,Urinary tract infection,Renal,Medium,2026-06-06
D002731,J18.9,Pneumonia unspecified,Respiratory,High,2026-06-06
D002732,M79.3,Panniculitis,Musculoskeletal,Critical,2026-06-06
D002733,N39.0,Urinary tract infection,Renal,Medium,2026-06-06
D002734,K57.30,Diverticulosis of large intestine,Gastrointestinal,Low,2026-06-06
D002735,K57.30,Diverticulosis of large intestine,Gastrointestinal,Medium,2026-06-06
D002736,M79.3,Panniculitis,Musculoskeletal,Critical,2026-06-06
D002737,A41.9,Sepsis unspecified,Infectious,Critical,2026-06-06
D002738,N18.3,Chronic kidney disease stage 3,Renal,Critical,2026-06-06
D002739,I10,Essential hypertension,Cardiovascular,Critical,2026-06-06
D002740,K57.30,Diverticulosis of large intestine,Gastrointestinal,Medium,2026-06-06
D002741,B97.29,Other coronavirus as cause of disease,Infectious,Critical,2026-06-06
D002742,I10,Essential hypertension,Cardiovascular,Low,2026-06-06
D002743,F32.9,Major depressive disorder single episode,Mental Health,High,2026-06-06
D002744,S72.001,Fracture of femoral head,Musculoskeletal,Medium,2026-06-06
D002745,J44.1,COPD with acute exacerbation,Respiratory,Critical,2026-06-06
D002746,F32.9,Major depressive disorder single episode,Mental Health,Low,2026-06-06
D002747,N39.0,Urinary tract infection,Renal,Critical,2026-06-06
D002748,B97.29,Other coronavirus as cause of disease,Infectious,Low,2026-06-06
D002749,M79.3,Panniculitis,Musculoskeletal,High,2026-06-06
D002750,J44.1,COPD with acute exacerbation,Respiratory,Medium,2026-06-06
D002751,N39.0,Urinary tract infection,Renal,Medium,2026-06-06
D002752,F32.9,Major depressive disorder single episode,Mental Health,Critical,2026-06-06
D002753,N39.0,Urinary tract infection,Renal,Low,2026-06-06
D002754,F41.1,Generalized anxiety disorder,Mental Health,Low,2026-06-06
D002755,I50.9,Heart failure unspecified,Cardiovascular,Low,2026-06-06
D002756,F32.9,Major depressive disorder single episode,Mental Health,Critical,2026-06-06
D002757,B97.29,Other coronavirus as cause of disease,Infectious,Low,2026-06-06
D002758,S72.001,Fracture of femoral head,Musculoskeletal,High,2026-06-06
D002759,K57.30,Diverticulosis of large intestine,Gastrointestinal,High,2026-06-06
D002760,G35,Multiple sclerosis,Neurological,Low,2026-06-06
D002761,F32.9,Major depressive disorder single episode,Mental Health,Low,2026-06-06
D002762,J18.9,Pneumonia unspecified,Respiratory,Critical,2026-06-06
D002763,J96.00,Acute respiratory failure unspecified,Respiratory,Medium,2026-06-06
D002764,A41.9,Sepsis unspecified,Infectious,Low,2026-06-06
D002765,I10,Essential hypertension,Cardiovascular,Critical,2026-06-06
D002766,N39.0,Urinary tract infection,Renal,High,2026-06-06
D002767,G35,Multiple sclerosis,Neurological,Critical,2026-06-06
D002768,S72.001,Fracture of femoral head,Musculoskeletal,High,2026-06-06
D002769,K92.1,Melena,Gastrointestinal,Medium,2026-06-06
D002770,E11.9,Type 2 diabetes without complications,Endocrine,Medium,2026-06-06
D002771,I10,Essential hypertension,Cardiovascular,High,2026-06-06
D002772,J18.9,Pneumonia unspecified,Respiratory,Critical,2026-06-06
D002773,F41.1,Generalized anxiety disorder,Mental Health,Low,2026-06-06
D002774,I21.0,ST elevation myocardial infarction,Cardiovascular,Critical,2026-06-06
D002775,J18.9,Pneumonia unspecified,Respiratory,Low,2026-06-06
D002776,J96.00,Acute respiratory failure unspecified,Respiratory,Critical,2026-06-06
D002777,S72.001,Fracture of femoral head,Musculoskeletal,Critical,2026-06-06
D002778,G43.909,Migraine unspecified,Neurological,Critical,2026-06-06
D002779,N39.0,Urinary tract infection,Renal,High,2026-06-06
D002780,A41.9,Sepsis unspecified,Infectious,High,2026-06-06
D002781,I10,Essential hypertension,Cardiovascular,Medium,2026-06-06
D002782,J44.1,COPD with acute exacerbation,Respiratory,Low,2026-06-06
D002783,E11.9,Type 2 diabetes without complications,Endocrine,Low,2026-06-06
D002784,I21.0,ST elevation myocardial infarction,Cardiovascular,Medium,2026-06-06
D002785,I21.0,ST elevation myocardial infarction,Cardiovascular,Medium,2026-06-06
D002786,M79.3,Panniculitis,Musculoskeletal,Medium,2026-06-06
D002787,E11.65,Type 2 diabetes with hyperglycemia,Endocrine,Critical,2026-06-06
D002788,F41.1,Generalized anxiety disorder,Mental Health,Medium,2026-06-06
D002789,I10,Essential hypertension,Cardiovascular,High,2026-06-06
D002790,S72.001,Fracture of femoral head,Musculoskeletal,Medium,2026-06-06
D002791,M79.3,Panniculitis,Musculoskeletal,Critical,2026-06-06
D002792,I21.0,ST elevation myocardial infarction,Cardiovascular,Low,2026-06-06
D002793,J96.00,Acute respiratory failure unspecified,Respiratory,Medium,2026-06-06
D002794,S72.001,Fracture of femoral head,Musculoskeletal,Critical,2026-06-06
D002795,M79.3,Panniculitis,Musculoskeletal,Low,2026-06-06
D002796,S72.001,Fracture of femoral head,Musculoskeletal,Medium,2026-06-06
D002797,E11.9,Type 2 diabetes without complications,Endocrine,High,2026-06-06
D002798,G35,Multiple sclerosis,Neurological,Critical,2026-06-06
D002799,I50.9,Heart failure unspecified,Cardiovascular,High,2026-06-06
D002800,I21.0,ST elevation myocardial infarction,Cardiovascular,Low,2026-06-06
D002801,B97.29,Other coronavirus as cause of disease,Infectious,Critical,2026-06-06
D002802,M79.3,Panniculitis,Musculoskeletal,High,2026-06-06
D002803,I50.9,Heart failure unspecified,Cardiovascular,Critical,2026-06-06
D002804,A41.9,Sepsis unspecified,Infectious,Critical,2026-06-06
D002805,F32.9,Major depressive disorder single episode,Mental Health,Critical,2026-06-06
D002806,E11.65,Type 2 diabetes with hyperglycemia,Endocrine,Low,2026-06-06
D002807,F32.9,Major depressive disorder single episode,Mental Health,Low,2026-06-06
D002808,B97.29,Other coronavirus as cause of disease,Infectious,High,2026-06-06
D002809,F41.1,Generalized anxiety disorder,Mental Health,Low,2026-06-06
D002810,N18.3,Chronic kidney disease stage 3,Renal,Critical,2026-06-06
D002811,M79.3,Panniculitis,Musculoskeletal,Low,2026-06-06
D002812,M79.3,Panniculitis,Musculoskeletal,High,2026-06-06
D002813,S72.001,Fracture of femoral head,Musculoskeletal,Critical,2026-06-06
D002814,I21.0,ST elevation myocardial infarction,Cardiovascular,Medium,2026-06-06
D002815,N39.0,Urinary tract infection,Renal,Medium,2026-06-06
D002816,M79.3,Panniculitis,Musculoskeletal,High,2026-06-06
D002817,S72.001,Fracture of femoral head,Musculoskeletal,Medium,2026-06-06
D002818,F32.9,Major depressive disorder single episode,Mental Health,Medium,2026-06-06
D002819,G35,Multiple sclerosis,Neurological,High,2026-06-06
D002820,G43.909,Migraine unspecified,Neurological,Critical,2026-06-06
D002821,J44.1,COPD with acute exacerbation,Respiratory,High,2026-06-06
D002822,A41.9,Sepsis unspecified,Infectious,Critical,2026-06-06
D002823,K57.30,Diverticulosis of large intestine,Gastrointestinal,Critical,2026-06-06
D002824,J96.00,Acute respiratory failure unspecified,Respiratory,Medium,2026-06-06
D002825,N39.0,Urinary tract infection,Renal,Low,2026-06-06
D002826,M79.3,Panniculitis,Musculoskeletal,Medium,2026-06-06
D002827,J96.00,Acute respiratory failure unspecified,Respiratory,Medium,2026-06-06
D002828,J96.00,Acute respiratory failure unspecified,Respiratory,Critical,2026-06-06
D002829,J18.9,Pneumonia unspecified,Respiratory,Critical,2026-06-06
D002830,M79.3,Panniculitis,Musculoskeletal,High,2026-06-06
D002831,E11.65,Type 2 diabetes with hyperglycemia,Endocrine,Medium,2026-06-06
D002832,F41.1,Generalized anxiety disorder,Mental Health,Low,2026-06-06
D002833,I21.0,ST elevation myocardial infarction,Cardiovascular,High,2026-06-06
D002834,N18.3,Chronic kidney disease stage 3,Renal,High,2026-06-06
D002835,J96.00,Acute respiratory failure unspecified,Respiratory,Medium,2026-06-06
D002836,F32.9,Major depressive disorder single episode,Mental Health,Low,2026-06-06
D002837,I10,Essential hypertension,Cardiovascular,High,2026-06-06
D002838,B97.29,Other coronavirus as cause of disease,Infectious,Low,2026-06-06
D002839,G43.909,Migraine unspecified,Neurological,Medium,2026-06-06
D002840,J18.9,Pneumonia unspecified,Respiratory,Medium,2026-06-06
D002841,M79.3,Panniculitis,Musculoskeletal,High,2026-06-06
D002842,K92.1,Melena,Gastrointestinal,High,2026-06-06
D002843,I50.9,Heart failure unspecified,Cardiovascular,High,2026-06-06
D002844,J44.1,COPD with acute exacerbation,Respiratory,Low,2026-06-06
D002845,I50.9,Heart failure unspecified,Cardiovascular,Critical,2026-06-06
D002846,S72.001,Fracture of femoral head,Musculoskeletal,Low,2026-06-06
D002847,J18.9,Pneumonia unspecified,Respiratory,Low,2026-06-06
D002848,F41.1,Generalized anxiety disorder,Mental Health,Low,2026-06-06
D002849,F32.9,Major depressive disorder single episode,Mental Health,Low,2026-06-06
D002850,J96.00,Acute respiratory failure unspecified,Respiratory,Low,2026-06-06
D002851,E11.9,Type 2 diabetes without complications,Endocrine,High,2026-06-06
D002852,J96.00,Acute respiratory failure unspecified,Respiratory,High,2026-06-06
D002853,S72.001,Fracture of femoral head,Musculoskeletal,Critical,2026-06-06
D002854,J18.9,Pneumonia unspecified,Respiratory,Medium,2026-06-06
D002855,K57.30,Diverticulosis of large intestine,Gastrointestinal,High,2026-06-06
D002856,J44.1,COPD with acute exacerbation,Respiratory,Low,2026-06-06
D002857,E11.9,Type 2 diabetes without complications,Endocrine,Critical,2026-06-06
D002858,B97.29,Other coronavirus as cause of disease,Infectious,Low,2026-06-06
D002859,E11.65,Type 2 diabetes with hyperglycemia,Endocrine,Critical,2026-06-06
D002860,K92.1,Melena,Gastrointestinal,High,2026-06-06
D002861,F32.9,Major depressive disorder single episode,Mental Health,Medium,2026-06-06
D002862,I10,Essential hypertension,Cardiovascular,High,2026-06-06
D002863,K57.30,Diverticulosis of large intestine,Gastrointestinal,Critical,2026-06-06
D002864,K57.30,Diverticulosis of large intestine,Gastrointestinal,Medium,2026-06-06
D002865,J44.1,COPD with acute exacerbation,Respiratory,Critical,2026-06-06
D002866,E11.65,Type 2 diabetes with hyperglycemia,Endocrine,Medium,2026-06-06
D002867,B97.29,Other coronavirus as cause of disease,Infectious,Critical,2026-06-06
D002868,B97.29,Other coronavirus as cause of disease,Infectious,Critical,2026-06-06
D002869,F32.9,Major depressive disorder single episode,Mental Health,High,2026-06-06
D002870,I21.0,ST elevation myocardial infarction,Cardiovascular,Critical,2026-06-06
D002871,J44.1,COPD with acute exacerbation,Respiratory,Low,2026-06-06
D002872,F32.9,Major depressive disorder single episode,Mental Health,Low,2026-06-06
D002873,I10,Essential hypertension,Cardiovascular,High,2026-06-06
D002874,K92.1,Melena,Gastrointestinal,Critical,2026-06-06
D002875,J96.00,Acute respiratory failure unspecified,Respiratory,Critical,2026-06-06
D002876,I50.9,Heart failure unspecified,Cardiovascular,Critical,2026-06-06
D002877,I50.9,Heart failure unspecified,Cardiovascular,Medium,2026-06-06
D002878,G35,Multiple sclerosis,Neurological,Low,2026-06-06
D002879,F32.9,Major depressive disorder single episode,Mental Health,High,2026-06-06
D002880,B97.29,Other coronavirus as cause of disease,Infectious,Critical,2026-06-06
D002881,F41.1,Generalized anxiety disorder,Mental Health,High,2026-06-06
D002882,K92.1,Melena,Gastrointestinal,High,2026-06-06
D002883,I21.0,ST elevation myocardial infarction,Cardiovascular,High,2026-06-06
D002884,F32.9,Major depressive disorder single episode,Mental Health,Medium,2026-06-06
D002885,A41.9,Sepsis unspecified,Infectious,Critical,2026-06-06
D002886,E11.9,Type 2 diabetes without complications,Endocrine,Critical,2026-06-06
D002887,K57.30,Diverticulosis of large intestine,Gastrointestinal,Critical,2026-06-06
D002888,E11.9,Type 2 diabetes without complications,Endocrine,High,2026-06-06
D002889,I10,Essential hypertension,Cardiovascular,Low,2026-06-06
D002890,F41.1,Generalized anxiety disorder,Mental Health,High,2026-06-06
D002891,A41.9,Sepsis unspecified,Infectious,Medium,2026-06-06
D002892,F32.9,Major depressive disorder single episode,Mental Health,High,2026-06-06
D002893,E11.9,Type 2 diabetes without complications,Endocrine,Low,2026-06-06
D002894,F32.9,Major depressive disorder single episode,Mental Health,High,2026-06-06
D002895,F32.9,Major depressive disorder single episode,Mental Health,High,2026-06-06
D002896,J96.00,Acute respiratory failure unspecified,Respiratory,Low,2026-06-06
D002897,I21.0,ST elevation myocardial infarction,Cardiovascular,High,2026-06-06
D002898,E11.65,Type 2 diabetes with hyperglycemia,Endocrine,High,2026-06-06
D002899,B97.29,Other coronavirus as cause of disease,Infectious,Low,2026-06-06
D002900,I50.9,Heart failure unspecified,Cardiovascular,High,2026-06-06
D002901,N18.3,Chronic kidney disease stage 3,Renal,High,2026-06-06
D002902,J18.9,Pneumonia unspecified,Respiratory,Low,2026-06-06
D002903,J18.9,Pneumonia unspecified,Respiratory,Critical,2026-06-06
D002904,N39.0,Urinary tract infection,Renal,Low,2026-06-06
D002905,S72.001,Fracture of femoral head,Musculoskeletal,High,2026-06-06
D002906,E11.65,Type 2 diabetes with hyperglycemia,Endocrine,Medium,2026-06-06
D002907,K57.30,Diverticulosis of large intestine,Gastrointestinal,High,2026-06-06
D002908,N39.0,Urinary tract infection,Renal,Medium,2026-06-06
D002909,A41.9,Sepsis unspecified,Infectious,Medium,2026-06-06
D002910,J18.9,Pneumonia unspecified,Respiratory,High,2026-06-06
D002911,F32.9,Major depressive disorder single episode,Mental Health,Medium,2026-06-06
D002912,K57.30,Diverticulosis of large intestine,Gastrointestinal,Critical,2026-06-06
D002913,J18.9,Pneumonia unspecified,Respiratory,Medium,2026-06-06
D002914,B97.29,Other coronavirus as cause of disease,Infectious,Critical,2026-06-06
D002915,I10,Essential hypertension,Cardiovascular,Low,2026-06-06
D002916,I50.9,Heart failure unspecified,Cardiovascular,Critical,2026-06-06
D002917,J44.1,COPD with acute exacerbation,Respiratory,Critical,2026-06-06
D002918,E11.9,Type 2 diabetes without complications,Endocrine,Critical,2026-06-06
D002919,I10,Essential hypertension,Cardiovascular,High,2026-06-06
D002920,F32.9,Major depressive disorder single episode,Mental Health,Critical,2026-06-06
D002921,G35,Multiple sclerosis,Neurological,Critical,2026-06-06
D002922,N18.3,Chronic kidney disease stage 3,Renal,Critical,2026-06-06
D002923,B97.29,Other coronavirus as cause of disease,Infectious,Critical,2026-06-06
D002924,M79.3,Panniculitis,Musculoskeletal,Critical,2026-06-06
D002925,J96.00,Acute respiratory failure unspecified,Respiratory,Medium,2026-06-06
D002926,F32.9,Major depressive disorder single episode,Mental Health,Medium,2026-06-06
D002927,M79.3,Panniculitis,Musculoskeletal,Critical,2026-06-06
D002928,J44.1,COPD with acute exacerbation,Respiratory,Low,2026-06-06
D002929,E11.9,Type 2 diabetes without complications,Endocrine,Critical,2026-06-06
D002930,M79.3,Panniculitis,Musculoskeletal,Low,2026-06-06
D002931,J96.00,Acute respiratory failure unspecified,Respiratory,High,2026-06-06
D002932,J18.9,Pneumonia unspecified,Respiratory,Critical,2026-06-06
D002933,J18.9,Pneumonia unspecified,Respiratory,Low,2026-06-06
D002934,K57.30,Diverticulosis of large intestine,Gastrointestinal,High,2026-06-06
D002935,I50.9,Heart failure unspecified,Cardiovascular,Medium,2026-06-06
D002936,J18.9,Pneumonia unspecified,Respiratory,High,2026-06-06
D002937,N39.0,Urinary tract infection,Renal,High,2026-06-06
D002938,N39.0,Urinary tract infection,Renal,High,2026-06-06
D002939,M79.3,Panniculitis,Musculoskeletal,Low,2026-06-06
D002940,J44.1,COPD with acute exacerbation,Respiratory,Medium,2026-06-06
D002941,G35,Multiple sclerosis,Neurological,Critical,2026-06-06
D002942,I50.9,Heart failure unspecified,Cardiovascular,High,2026-06-06
D002943,N39.0,Urinary tract infection,Renal,Medium,2026-06-06
D002944,J96.00,Acute respiratory failure unspecified,Respiratory,Critical,2026-06-06
D002945,I21.0,ST elevation myocardial infarction,Cardiovascular,Low,2026-06-06
D002946,F41.1,Generalized anxiety disorder,Mental Health,High,2026-06-06
D002947,I10,Essential hypertension,Cardiovascular,Low,2026-06-06
D002948,B97.29,Other coronavirus as cause of disease,Infectious,Critical,2026-06-06
D002949,G35,Multiple sclerosis,Neurological,High,2026-06-06
D002950,G35,Multiple sclerosis,Neurological,Critical,2026-06-06
D002951,K92.1,Melena,Gastrointestinal,Critical,2026-06-06
D002952,M79.3,Panniculitis,Musculoskeletal,Medium,2026-06-06
D002953,J44.1,COPD with acute exacerbation,Respiratory,Critical,2026-06-06
D002954,S72.001,Fracture of femoral head,Musculoskeletal,Critical,2026-06-06
D002955,J44.1,COPD with acute exacerbation,Respiratory,High,2026-06-06
D002956,I10,Essential hypertension,Cardiovascular,Critical,2026-06-06
D002957,A41.9,Sepsis unspecified,Infectious,Medium,2026-06-06
D002958,A41.9,Sepsis unspecified,Infectious,High,2026-06-06
D002959,F41.1,Generalized anxiety disorder,Mental Health,Low,2026-06-06
D002960,S72.001,Fracture of femoral head,Musculoskeletal,High,2026-06-06
D002961,I10,Essential hypertension,Cardiovascular,Medium,2026-06-06
D002962,I21.0,ST elevation myocardial infarction,Cardiovascular,High,2026-06-06
D002963,F41.1,Generalized anxiety disorder,Mental Health,Low,2026-06-06
D002964,F41.1,Generalized anxiety disorder,Mental Health,Low,2026-06-06
D002965,E11.9,Type 2 diabetes without complications,Endocrine,Low,2026-06-06
D002966,G35,Multiple sclerosis,Neurological,Medium,2026-06-06
D002967,M79.3,Panniculitis,Musculoskeletal,Low,2026-06-06
D002968,J18.9,Pneumonia unspecified,Respiratory,Medium,2026-06-06
D002969,I21.0,ST elevation myocardial infarction,Cardiovascular,High,2026-06-06
D002970,E11.9,Type 2 diabetes without complications,Endocrine,Medium,2026-06-06
D002971,G35,Multiple sclerosis,Neurological,Critical,2026-06-06
D002972,I10,Essential hypertension,Cardiovascular,High,2026-06-06
D002973,A41.9,Sepsis unspecified,Infectious,Low,2026-06-06
D002974,M79.3,Panniculitis,Musculoskeletal,Low,2026-06-06
D002975,K92.1,Melena,Gastrointestinal,Critical,2026-06-06
D002976,J96.00,Acute respiratory failure unspecified,Respiratory,Critical,2026-06-06
D002977,I21.0,ST elevation myocardial infarction,Cardiovascular,High,2026-06-06
D002978,A41.9,Sepsis unspecified,Infectious,High,2026-06-06
D002979,I10,Essential hypertension,Cardiovascular,Low,2026-06-06
D002980,J18.9,Pneumonia unspecified,Respiratory,Medium,2026-06-06
D002981,N39.0,Urinary tract infection,Renal,Medium,2026-06-06
D002982,J96.00,Acute respiratory failure unspecified,Respiratory,High,2026-06-06
D002983,I10,Essential hypertension,Cardiovascular,Medium,2026-06-06
D002984,N39.0,Urinary tract infection,Renal,Critical,2026-06-06
D002985,J96.00,Acute respiratory failure unspecified,Respiratory,Low,2026-06-06
D002986,G43.909,Migraine unspecified,Neurological,High,2026-06-06
D002987,J96.00,Acute respiratory failure unspecified,Respiratory,Low,2026-06-06
D002988,I50.9,Heart failure unspecified,Cardiovascular,High,2026-06-06
D002989,A41.9,Sepsis unspecified,Infectious,Low,2026-06-06
D002990,K92.1,Melena,Gastrointestinal,Medium,2026-06-06
D002991,B97.29,Other coronavirus as cause of disease,Infectious,High,2026-06-06
D002992,N18.3,Chronic kidney disease stage 3,Renal,Critical,2026-06-06
D002993,J18.9,Pneumonia unspecified,Respiratory,Low,2026-06-06
D002994,E11.9,Type 2 diabetes without complications,Endocrine,Medium,2026-06-06
D002995,G43.909,Migraine unspecified,Neurological,Medium,2026-06-06
D002996,M79.3,Panniculitis,Musculoskeletal,Critical,2026-06-06
D002997,J18.9,Pneumonia unspecified,Respiratory,High,2026-06-06
D002998,I50.9,Heart failure unspecified,Cardiovascular,High,2026-06-06
D002999,S72.001,Fracture of femoral head,Musculoskeletal,Critical,2026-06-06
D003000,I10,Essential hypertension,Cardiovascular,Critical,2026-06-06
